mp_key,component,value
TA00001,model.bel,-191.56904368276207
TA00001,model.initial_expense,204.3765
TA00001,model.profit_margin,0.21886024060307036
TA00001,model.pv_claims,213.8820789690708
TA00001,model.pv_expenses,265.47546188692456
TA00001,model.pv_premiums,875.3030845387574
TA00002,model.bel,-94.59521852994953
TA00002,model.initial_expense,172.03050000000002
TA00002,model.profit_margin,0.12819478101551848
TA00002,model.pv_claims,158.44606018442377
TA00002,model.pv_expenses,312.83048049303085
TA00002,model.pv_premiums,737.9022592074041
TA00003,model.bel,-83.11865912677445
TA00003,model.initial_expense,295.12350000000004
TA00003,model.profit_margin,0.06577862037923973
TA00003,model.pv_claims,495.0820486999748
TA00003,model.pv_expenses,390.2878692822347
TA00003,model.pv_premiums,1263.6120771089838
TA00004,model.bel,-381.5966285498712
TA00004,model.initial_expense,747.7515000000001
TA00004,model.profit_margin,0.11989922321966182
TA00004,model.pv_claims,1789.5746966484094
TA00004,model.pv_expenses,263.721885107854
TA00004,model.pv_premiums,3182.644710306135
TA00005,model.bel,-384.8143662154507
TA00005,model.initial_expense,1125.0765000000001
TA00005,model.profit_margin,0.08062776405146198
TA00005,model.pv_claims,2953.677363967248
TA00005,model.pv_expenses,309.1595112171087
TA00005,model.pv_premiums,4772.727741399807
TA00006,model.bel,-111.78936999326902
TA00006,model.initial_expense,224.181
TA00006,model.profit_margin,0.09197551129253259
TA00006,model.pv_claims,359.53059631541004
TA00006,model.pv_expenses,519.924405317878
TA00006,model.pv_premiums,1215.425371626557
TA00007,model.bel,-583.5783114203828
TA00007,model.initial_expense,624.3480000000001
TA00007,model.profit_margin,0.1732540455922391
TA00007,model.pv_claims,1808.7809898092103
TA00007,model.pv_expenses,351.631426016405
TA00007,model.pv_premiums,3368.338727245998
TA00008,model.bel,-164.62331480225703
TA00008,model.initial_expense,412.8165000000001
TA00008,model.profit_margin,0.07372004689657138
TA00008,model.pv_claims,1240.752932903295
TA00008,model.pv_expenses,414.89474657157683
TA00008,model.pv_premiums,2233.087494277129
TA00009,model.bel,65.21523175706488
TA00009,model.initial_expense,275.26500000000004
TA00009,model.profit_margin,-0.04407779242948713
TA00009,model.pv_claims,754.5464975707808
TA00009,model.pv_expenses,514.9522361080192
TA00009,model.pv_premiums,1479.5485019217351
TA00010,model.bel,136.68408977286163
TA00010,model.initial_expense,876.2580000000002
TA00010,model.profit_margin,-0.029659903931291517
TA00010,model.pv_claims,3527.0279534409074
TA00010,model.pv_expenses,341.77751913428546
TA00010,model.pv_premiums,4608.379382802331
TA00011,model.bel,-174.21872647579448
TA00011,model.initial_expense,199.6515
TA00011,model.profit_margin,0.140948044604913
TA00011,model.pv_claims,365.71728476346806
TA00011,model.pv_expenses,496.4617504879326
TA00011,model.pv_premiums,1236.049261727195
TA00012,model.bel,22.97742891050507
TA00012,model.initial_expense,216.5265
TA00012,model.profit_margin,-0.017145192607314067
TA00012,model.pv_claims,526.2498604885889
TA00012,model.pv_expenses,620.3685099181987
TA00012,model.pv_premiums,1340.1674414962824
TA00013,model.bel,160.89440106495567
TA00013,model.initial_expense,703.2555
TA00013,model.profit_margin,-0.0374446318718832
TA00013,model.pv_claims,3338.939650610732
TA00013,model.pv_expenses,415.5608570913469
TA00013,model.pv_premiums,4296.861606637123
TA00014,model.bel,490.99118266987443
TA00014,model.initial_expense,533.601
TA00014,model.profit_margin,-0.14983360115410485
TA00014,model.pv_claims,2742.54003007704
TA00014,model.pv_expenses,491.75986368552014
TA00014,model.pv_premiums,3276.9097110926855
TA00015,model.bel,2295.5675343382154
TA00015,model.initial_expense,1465.0065000000002
TA00015,model.profit_margin,-0.2605652026082833
TA00015,model.pv_claims,9040.741748273222
TA00015,model.pv_expenses,599.7736136550128
TA00015,model.pv_premiums,8809.954327590018
TA00016,model.bel,-426.1561814124316
TA00016,model.initial_expense,426.2895
TA00016,model.profit_margin,0.14906451684999691
TA00016,model.pv_claims,1531.625711056754
TA00016,model.pv_expenses,474.79931947409324
TA00016,model.pv_premiums,2858.870711943279
TA00017,model.bel,-17.10031946927893
TA00017,model.initial_expense,167.08950000000002
TA00017,model.profit_margin,0.015264391823933762
TA00017,model.pv_claims,377.7322335563213
TA00017,model.pv_expenses,558.3531381855247
TA00017,model.pv_premiums,1120.275191211125
TA00018,model.bel,291.99169243319375
TA00018,model.initial_expense,207.80550000000002
TA00018,model.profit_margin,-0.2099612924368571
TA00018,model.pv_claims,778.5735279252644
TA00018,model.pv_expenses,696.3056300744569
TA00018,model.pv_premiums,1390.6929655665276
TA00019,model.bel,1841.866962880932
TA00019,model.initial_expense,819.1260000000001
TA00019,model.profit_margin,-0.3484196647926359
TA00019,model.pv_claims,5856.402675176484
TA00019,model.pv_expenses,452.68446445405874
TA00019,model.pv_premiums,5286.346176749611
TA00020,model.bel,2141.424113664296
TA00020,model.initial_expense,717.1740000000001
TA00020,model.profit_margin,-0.45744305901596544
TA00020,model.pv_claims,5565.515274580749
TA00020,model.pv_expenses,540.0259232041543
TA00020,model.pv_premiums,4681.291084120608
TA00021,model.bel,82.24694500768965
TA00021,model.initial_expense,246.83400000000003
TA00021,model.profit_margin,-0.047073264570698055
TA00021,model.pv_claims,820.887905527254
TA00021,model.pv_expenses,761.7364504112668
TA00021,model.pv_premiums,1747.211410930831
TA00022,model.bel,412.66355299981524
TA00022,model.initial_expense,432.2970000000001
TA00022,model.profit_margin,-0.13576440577127277
TA00022,model.pv_claims,2506.4656245941133
TA00022,model.pv_expenses,513.457214572818
TA00022,model.pv_premiums,3039.556286167116
TA00023,model.bel,1393.7260233615775
TA00023,model.initial_expense,484.94700000000006
TA00023,model.profit_margin,-0.4098890857193586
TA00023,model.pv_claims,3707.297576850634
TA00023,model.pv_expenses,601.7330558349074
TA00023,model.pv_premiums,3400.251609323964
TA00024,model.bel,3063.974723289145
TA00024,model.initial_expense,655.965
TA00024,model.profit_margin,-0.6706463013473155
TA00024,model.pv_claims,6231.261343126087
TA00024,model.pv_expenses,745.4378922556155
TA00024,model.pv_premiums,4568.689512092557
TA00025,model.bel,2913.361820905112
TA00025,model.initial_expense,819.1395
TA00025,model.profit_margin,-0.5626046836351931
TA00025,model.pv_claims,6826.42720525259
TA00025,model.pv_expenses,446.14130729959976
TA00025,model.pv_premiums,5178.346191647079
