t,model.death_claims,model.deaths,model.net_cashflow,model.premium_income,model.renewal_expenses,model.reserve,model.surrenders
0,2.6763190046130703,5.3526380092261405e-05,6.539514328720262,12.615833333333333,3.4,-191.56904368276207,0.012968949756813125
1,2.64146670424075,5.2829334084815e-05,6.446622361360072,12.451543944802824,3.363454879202001,-185.56073039285567,0.012800061918084301
2,2.607068267118345,5.21413653423669e-05,6.355023177787494,12.289394010914,3.327302566008161,-179.62832649481177,0.012633373417205137
3,2.573117782822513,5.146235565645026e-05,6.264699049546895,12.129355670669845,3.2915388383004376,-173.7707534215673,0.012468855613350968
4,2.5396094178982596,5.0792188357965195e-05,6.175632488651752,11.971401425892509,3.256159519342498,-167.9869472889546,0.012306480238671584
5,2.5065374148566195,5.013074829713239e-05,6.087806244349956,11.815504136498507,3.2211604772919316,-162.27585869669514,0.012146219393434186
6,2.473896091185389,4.9477921823707774e-05,6.001203299932357,11.66163701583545,3.186537624717704,-156.63645253206568,0.011988045541229573
7,2.4416798383727434,4.883359676745487e-05,5.915806869583937,11.509773626079479,3.152286918122799,-151.06770777620164,0.011831931504240775
8,2.4098831209435714,4.819766241887142e-05,5.831600395277115,11.359887873692676,3.1184043574719906,-145.56861731300205,0.0116778504585733
9,2.3785004755083525,4.757000951016705e-05,5.748567543706548,11.211954004939592,3.0848859857246906,-140.1381877406016,0.01152577592964618
10,2.347526509824427,4.6950530196488536e-05,5.66669220326494,11.065946601462185,3.051727888372819,-134.77543918537552,0.011375681787643043
11,2.316955901869485,4.63391180373897e-05,5.585958481059249,10.921840575912373,3.0189261929836406,-129.4794051184431,0.011227542243022432
12,2.3561688983769655,4.712337796753931e-05,5.43696520051699,10.77961116764147,2.9864770687475133,-124.24913217463713,0.007312185825999729
13,2.3358754282473075,4.671750856494615e-05,5.3833157857662695,10.686767349275753,2.9675761352621763,-119.15326467209685,0.007249206629243226
14,2.3157567439448394,4.631513487889679e-05,5.330171619647915,10.59472318634052,2.9487948227477663,-114.09657088685776,0.007186769866625909
15,2.2958113400550033,4.591622680110007e-05,5.27752807727832,10.503471791475704,2.9301323741423806,-109.07865658354467,0.00712487086621148
16,2.2760377241292393,4.5520754482584784e-05,5.225380575336761,10.41300633664144,2.9115880371754392,-104.09913103313369,0.007063504996302606
17,2.256434416573313,4.512868833146625e-05,5.173724571696486,10.323320052607158,2.8931610643373595,-99.15760698133651,0.007002667665094347
18,2.236999950536601,4.473999901073202e-05,5.122555565059031,10.234406228445062,2.8748507128494296,-94.25370061726372,0.006942354320330562
19,2.2177328718023332,4.4354657436046666e-05,5.071869094591776,10.146258211027973,2.856656244633864,-89.3870315423649,0.006882560448963285
20,2.198631738678777,4.397263477357554e-05,5.021660739568661,10.05886940453149,2.8385769262840523,-84.55722273964317,0.006823281576815021
21,2.1796951218913594,4.3593902437827185e-05,4.9719261190141,9.972233269940457,2.820612029034997,-79.76390054314155,0.006764513268243965
22,2.1609216044757216,4.321843208951443e-05,4.922660891350004,9.886343324559663,2.802760828733937,-75.00669460769888,0.006706251125812092
23,2.1423097816716905,4.2846195633433806e-05,4.87386075404592,9.801193141528769,2.7850226058111587,-70.28523787897286,0.006648490789956118
24,2.1941587286889574,4.388317457377915e-05,4.755220975401455,9.716776349341401,2.7673966452509884,-65.59916656372793,0.004780862803620071
25,2.180413998123984,4.3608279962479685e-05,4.7190972399423785,9.655908158204836,2.756396920138473,-61.01862239377957,0.004750914345359203
26,2.1667553678104805,4.3335107356209606e-05,4.683224975796251,9.595421259850882,2.74544091624415,-56.46115538848596,0.00472115349134239
27,2.1531822983960542,4.3063645967921085e-05,4.647602507588213,9.535313265771133,2.7345284597868664,-51.926579606787946,0.004691579066372162
28,2.1396942539069452,4.279388507813891e-05,4.612228170836218,9.475581802419368,2.7236593776762046,-47.414710253993086,0.004662189902612764
29,2.12629070172686,4.25258140345372e-05,4.577100311881224,9.416224511117825,2.712833497509741,-42.9253636741427,0.004632984839544041
30,2.1129711125759396,4.2259422251518794e-05,4.542217287817804,9.357239047964054,2.7020506475703097,-38.45835734242701,0.004603962723915612
31,2.0997349604898594,4.199469920979719e-05,4.50757746642523,9.298623083738367,2.6913106568232767,-34.013509857648,0.004575122409701329
32,2.08658172279906,4.17316344559812e-05,4.473179226098969,9.24037430381186,2.6806133549138305,-29.590640934729894,0.004546462758054026
33,2.0735108801081092,4.147021760216218e-05,4.439020955782632,9.18249040805502,2.669958572164279,-25.18957139727669,0.004517982637260543
34,2.0605219162751895,4.121043832550379e-05,4.405101054900337,9.124969110746882,2.659346139571355,-20.81012317017668,0.0044896809226970405
35,2.0476143183917186,4.095228636783437e-05,4.371417933289521,9.06780814048478,2.6487758888035406,-16.452119272253512,0.004461556496784589
36,2.1080505840020183,4.216101168004036e-05,4.264707003894248,9.01100524009466,2.638247652198393,-12.11538380896357,0.003547379035798906
37,2.0974565214829477,4.194913042965895e-05,4.23722686027451,8.96572020111234,2.6310368193548825,-7.87321530305288,0.0035295515910642797
38,2.086915699697999,4.1738313993959976e-05,4.20990134847247,8.920662743260092,2.6238456950896234,-3.6464269973413197,0.0035118137386124506
39,2.076427851084491,4.152855702168982e-05,4.182729646203274,8.875831722823085,2.6166742255353195,0.5650920289240448,0.0034941650281950947
40,2.065992709424386,4.131985418848772e-05,4.155710935437963,8.831226001834255,2.6095223569719064,4.761452190292847,0.0034766050118266198
41,2.0556100098375314,4.111220019675063e-05,4.128844402381741,8.786844448045418,2.602390035826146,8.942763397926267,0.0034591332437727985
42,2.0452794887749377,4.090558977549876e-05,4.102129237452374,8.742685934898539,2.5952772086712272,13.109135062398185,0.003441749280539453
43,2.035000884012087,4.070001768024174e-05,4.075564635258674,8.698749341497123,2.588183822226363,17.26067609648269,0.0034244526808611957
44,2.0247739346422766,4.049547869284553e-05,4.0491497945791055,8.655033552577775,2.5811098233563934,21.39749491792803,0.0034072430056902286
45,2.0145983810699986,4.0291967621399975e-05,4.022883918340493,8.611537458481878,2.5740551590713876,25.519699452217072,0.003390119818185202
46,2.0044739650043484,4.008947930008697e-05,3.996766213596845,8.56825995512744,2.567019776526246,29.62739713531431,0.003373082683700122
47,1.994400429452469,3.988800858904938e-05,3.970795891508285,8.525199943981058,2.560003623020304,33.720694916399566,0.003356131169773321
48,2.061909682259069,4.123819364518138e-05,3.8674400037740266,8.482356332030035,2.5530066459969394,37.79969926058837,0.002867645262518288
49,2.0529890550646184,4.1059781101292365e-05,3.844851486742088,8.445658343160986,2.5478178013542796,41.786761401104044,0.0028552387082773525
50,2.0441070219900883,4.088214043980177e-05,3.8223725993942743,8.409119124135401,2.5426395027510384,45.76261662683525,0.0028428858296392343
51,2.0352634160622314,4.070526832124463e-05,3.800002843237671,8.372737988052878,2.5374717287529753,49.727342708284546,0.0028305863943822967
52,2.0264580710301914,4.0529161420603824e-05,3.7777417219852167,8.336514250984822,2.5323144579694135,53.68101713930165,0.0028183401712895844
53,2.0176908213623785,4.035381642724757e-05,3.7555887415460436,8.300447231961572,2.5271676690531493,57.62371713850147,0.0028061469301444764
54,2.0089615022433573,4.017923004486715e-05,3.7335434100158884,8.264536252959616,2.52203134070037,61.55551965067636,0.0027940064417263585
55,2.000269949570749,4.000539899141498e-05,3.711605237667522,8.228780638888828,2.516905451650558,65.47650134820292,0.002781918477806316
56,1.9916159999521446,3.983231999904289e-05,3.6897737369412424,8.193179717579795,2.5117899806864084,69.38673863244315,0.0027698828111428404
57,1.9829994907020347,3.9659989814040695e-05,3.6680484224353904,8.157732819771164,2.5066849066337387,73.28630763514026,0.0027578992154775584
58,1.9744202598387521,3.9488405196775044e-05,3.646428810896918,8.122439279097073,2.501590208361403,77.17528421980873,0.0027459674655309807
59,1.9658781460814247,3.93175629216285e-05,3.624914421211991,8.087298432074617,2.4965058647812013,81.05374398311909,0.002734087336998263
60,2.040113880219184,4.080227760438368e-05,3.520763883024397,8.052309618091376,2.491431854847795,84.9217622562772,0.002499695775965088
61,2.0319936422905354,4.0639872845810706e-05,3.501033036379594,8.020259118063885,2.4872324393937557,88.69643567430683,0.002489746270377736
62,2.0239057252360575,4.047811450472115e-05,3.481390360741019,7.988336188212,2.483040102234923,92.46215830551006,0.002479836366674095
63,2.0158500004094093,4.0317000008188187e-05,3.461835488919927,7.956540320769862,2.478854831440526,96.21899287722069,0.0024699659072273186
64,2.0078263396762974,4.015652679352595e-05,3.442368055216461,7.924871009992662,2.474676615099904,99.96700192861346,0.002460134735037959
65,1.9998346154124405,3.999669230824881e-05,3.422987695413695,7.893327752148607,2.4705054413224716,103.70624781165701,0.0024503426937314736
66,1.9918747005015376,3.983749401003075e-05,3.403694046771669,7.861910045510894,2.466341298237687,107.43679269206362,0.0024405896275557326
67,1.9839464683332477,3.9678929366664954e-05,3.384486748021477,7.830617390349739,2.462184173995014,111.15869855023566,0.002430875381378546
68,1.9760497928011753,3.952099585602351e-05,3.36536543935936,7.79944928892443,2.4580340567638945,114.87202718220887,0.0024211998006851937
69,1.968184548300864,3.936369096601728e-05,3.346329762440827,7.768405245475399,2.4538909347337077,118.57684020059246,0.002411562731575969
70,1.9603506097278,3.9207012194556e-05,3.3273793603748048,7.737484766216347,2.449754796113742,122.27319903550591,0.0024019640207637305
71,1.9525478524754198,3.9050957049508396e-05,3.3085138777178034,7.706687359326384,2.445625629133161,125.96116493551273,0.002392403515571462
72,2.0334025202200228,4.066805040440046e-05,3.2011065926812226,7.676012534942211,2.441503422040965,129.64079896855088,0.002224292486470186
73,2.025833071263585,4.051666142527169e-05,3.183586229091569,7.647438170302424,2.4380188699472702,133.22328121774754,0.0022160124394686193
74,2.0182917999832006,4.036583599966402e-05,3.166139084209388,7.61897017525373,2.4345392910611414,136.79847774786552,0.0022077632153820986
75,2.0107786014859754,4.0215572029719505e-05,3.148764874058957,7.590608153829673,2.431064678284741,140.3664410712542,0.0021995446994706844
76,2.0032933712694807,4.006586742538961e-05,3.1314633157379657,7.5623517115378025,2.4275950245303566,143.92722356622957,0.0021913567774215627
77,1.9958360052203052,3.9916720104406106e-05,3.1142341274134857,7.5342004553541875,2.424130322720396,147.4808774777661,0.002183199335347456
78,1.9884063996126053,3.976812799225211e-05,3.097077028317979,7.506153993717949,2.4206705657873644,151.0274549181861,0.0021750722597850356
79,1.981004451106662,3.962008902213324e-05,3.079991738745296,7.478211936525815,2.417215746673857,154.5670078678476,0.002166975437693349
80,1.9736300567474443,3.9472601134948884e-05,3.062977980046709,7.450373895126693,2.4137658583325394,158.09958817582972,0.002158908756452243
81,1.9662831139631765,3.932566227926353e-05,3.0460354746269536,7.422639482316267,2.410320893726137,161.62524756061643,0.0021508721038607996
82,1.9589635205639113,3.917927041127823e-05,3.0291639459402777,7.395008312331605,2.4068808458274162,165.14403761077799,0.0021428653681357743
83,1.9516711747401096,3.903342349480219e-05,3.012363118486516,7.367480000845801,2.4034457076191758,168.65600978565047,0.0021348884379100417
84,2.039702317400874,4.079404634801748e-05,2.900336375467527,7.34005416496263,2.400015472094228,172.16121541601345,0.002026082499036494
85,2.0324563228270276,4.064912645654055e-05,2.884523212874024,7.313978794945482,2.3969992592444314,175.5641357762787,0.0020188848885474837
86,2.0252360694787095,4.050472138957419e-05,2.868773150577307,7.287996057067861,2.3939868370118447,178.96096701566563,0.002011712847400677
87,2.018041465910822,4.036082931821644e-05,2.85308595571282,7.262105622256264,2.390978200632622,182.35175493437623,0.002004566284761587
88,2.0108724210031217,4.021744842006243e-05,2.8374613962541955,7.236307162606219,2.3879733453489016,185.7365452305672,0.0019974451101184127
89,2.0037288439590686,4.007457687918137e-05,2.821899241010253,7.210600351378123,2.384972266408802,189.11538350089748,0.0019903492332808957
90,1.9966106443046758,3.9932212886093516e-05,2.8063992596220224,7.184984862993113,2.3819749590664143,192.48831524107453,0.0019832785643791755
91,1.989517731887362,3.979035463774724e-05,2.790961222559774,7.15946037302893,2.3789814185817932,195.85538584639906,0.001976233013862652
92,1.9824500168748118,3.964900033749624e-05,2.775584901120062,7.134026558215824,2.3759916402209504,199.21664061230837,0.001969212492498852
93,1.9754074097538368,3.9508148195076736e-05,2.7602700674227654,7.10868309643245,2.3730056192558475,202.57212473491836,0.001962216911372298
94,1.9683898213292415,3.936779642658483e-05,2.745016494408162,7.08342966670179,2.370023350964387,205.9218833115641,0.0019552461818833837
95,1.961397162722695,3.92279432544539e-05,2.729823955833993,7.058265949187096,2.367044830630408,209.26596134133894,0.001948300215747249
96,2.0570467522667175,4.114093504533435e-05,2.612074819377432,7.033191625187824,2.364070053543674,212.6044037256322,0.0018931234776462368
97,2.049909624086274,4.099819248172549e-05,2.597584249954028,7.008789267734708,2.3612953936944057,215.83434325758867,0.001886555097561303
98,2.0427972588814947,4.0855945177629896e-05,2.5831503273992227,6.984471576686407,2.3585239904056894,219.05902344842954,0.0018800095071239804
99,2.0357095707347725,4.071419141469545e-05,2.568772847694271,6.960238258284412,2.355755839855368,222.27848600861515,0.0018734866272633213
100,2.028646474026602,4.057292948053204e-05,2.554451607537067,6.93608901978944,2.352990938225771,225.4927725637479,0.0018669863791827225
101,2.021607883434543,4.0432157668690856e-05,2.5401864043396465,6.9120235694778955,2.3502292817037063,228.70192465504732,0.0018605086843589739
102,2.0145937139321886,4.0291874278643775e-05,2.5259770362257012,6.888041616638349,2.347470866480459,231.90598373982394,0.0018540534645413082
103,2.007603880788142,4.015207761576284e-05,2.5118233020280933,6.86414287156802,2.344715688751785,235.10499119195225,0.0018476206417504585
104,2.000638299564988,4.0012765991299756e-05,2.497725001286391,6.840327045569282,2.3419637447179027,238.2989883023422,0.0018412101382777133
105,1.9936968861182762,3.9873937722365526e-05,2.4836819342444048,6.816593850946174,2.339215030583493,241.4880162794098,0.0018348218766839803
106,1.986779556595505,3.97355911319101e-05,2.469693901847732,6.792943001000927,2.3364695425576896,244.67211624954675,0.0018284557797988497
107,1.979886227435106,3.959772454870212e-05,2.4557607057413118,6.769374210030493,2.3337272768540758,247.8513292575884,0.0018221117707196608
108,2.083644912990313,4.167289825980626e-05,2.331254050642109,6.745887193323102,2.33098822969068,251.02569626728123,0.0018157822588324795
109,2.0764069073655387,4.152813814731077e-05,2.3178041785977546,6.722453848637085,2.3282427626737916,254.08431246206024,0.0018094747339174335
110,2.0691940445686505,4.138388089137301e-05,2.304407331032739,6.699101904903595,2.325500529302206,257.1382211488902,0.0018031891195978678
111,2.0620062372604253,4.1240124745208505e-05,2.291063316330534,6.6758310793582565,2.3227615257672967,260.18746198969984,0.0017969253397624395
112,2.0548433984050316,4.109686796810063e-05,2.2777719435489874,6.65264109021894,2.320025748264921,263.23207456811656,0.0017906833185641952
113,2.0477054412689752,4.095410882537951e-05,2.2645330224179525,6.629531656682346,2.3172931929954177,266.27209838991814,0.0017844629804196512
114,2.0405922794200513,4.081184558840103e-05,2.2513463633369617,6.606502498920611,2.314563856163599,269.3075728834829,0.001778264250007883
115,2.0335038267262973,4.0670076534525945e-05,2.238211777372869,6.583553338077918,2.3118377339787513,272.33853740023943,0.0017720870522696076
116,2.0264399973549465,4.0528799947098934e-05,2.2251290762575437,6.560683896267113,2.3091148226546223,275.3650312151146,0.0017659313124062782
117,2.0194007057713947,4.0388014115427896e-05,2.2120980723855324,6.537893896566348,2.3063951184094202,278.3870935269809,0.0017597969558791776
118,2.012385866738159,4.0247717334763186e-05,2.1991185788117584,6.515183063015725,2.3036786174658075,281.40476345910304,0.0017536839084085149
119,2.0053953953138492,4.010790790627699e-05,2.1861904092492077,6.492551120613952,2.3009653160508954,284.4180800595826,0.0017475920959725269
120,0.0,0.0,0.0,0.0,0.0,287.42708230180267,0.0
121,0.0,0.0,0.0,0.0,0.0,0.0,0.0
122,0.0,0.0,0.0,0.0,0.0,0.0,0.0
123,0.0,0.0,0.0,0.0,0.0,0.0,0.0
124,0.0,0.0,0.0,0.0,0.0,0.0,0.0
125,0.0,0.0,0.0,0.0,0.0,0.0,0.0
126,0.0,0.0,0.0,0.0,0.0,0.0,0.0
127,0.0,0.0,0.0,0.0,0.0,0.0,0.0
128,0.0,0.0,0.0,0.0,0.0,0.0,0.0
129,0.0,0.0,0.0,0.0,0.0,0.0,0.0
130,0.0,0.0,0.0,0.0,0.0,0.0,0.0
131,0.0,0.0,0.0,0.0,0.0,0.0,0.0
132,0.0,0.0,0.0,0.0,0.0,0.0,0.0
133,0.0,0.0,0.0,0.0,0.0,0.0,0.0
134,0.0,0.0,0.0,0.0,0.0,0.0,0.0
135,0.0,0.0,0.0,0.0,0.0,0.0,0.0
136,0.0,0.0,0.0,0.0,0.0,0.0,0.0
137,0.0,0.0,0.0,0.0,0.0,0.0,0.0
138,0.0,0.0,0.0,0.0,0.0,0.0,0.0
139,0.0,0.0,0.0,0.0,0.0,0.0,0.0
140,0.0,0.0,0.0,0.0,0.0,0.0,0.0
141,0.0,0.0,0.0,0.0,0.0,0.0,0.0
142,0.0,0.0,0.0,0.0,0.0,0.0,0.0
143,0.0,0.0,0.0,0.0,0.0,0.0,0.0
144,0.0,0.0,0.0,0.0,0.0,0.0,0.0
145,0.0,0.0,0.0,0.0,0.0,0.0,0.0
146,0.0,0.0,0.0,0.0,0.0,0.0,0.0
147,0.0,0.0,0.0,0.0,0.0,0.0,0.0
148,0.0,0.0,0.0,0.0,0.0,0.0,0.0
149,0.0,0.0,0.0,0.0,0.0,0.0,0.0
150,0.0,0.0,0.0,0.0,0.0,0.0,0.0
151,0.0,0.0,0.0,0.0,0.0,0.0,0.0
152,0.0,0.0,0.0,0.0,0.0,0.0,0.0
153,0.0,0.0,0.0,0.0,0.0,0.0,0.0
154,0.0,0.0,0.0,0.0,0.0,0.0,0.0
155,0.0,0.0,0.0,0.0,0.0,0.0,0.0
156,0.0,0.0,0.0,0.0,0.0,0.0,0.0
157,0.0,0.0,0.0,0.0,0.0,0.0,0.0
158,0.0,0.0,0.0,0.0,0.0,0.0,0.0
159,0.0,0.0,0.0,0.0,0.0,0.0,0.0
160,0.0,0.0,0.0,0.0,0.0,0.0,0.0
161,0.0,0.0,0.0,0.0,0.0,0.0,0.0
162,0.0,0.0,0.0,0.0,0.0,0.0,0.0
163,0.0,0.0,0.0,0.0,0.0,0.0,0.0
164,0.0,0.0,0.0,0.0,0.0,0.0,0.0
165,0.0,0.0,0.0,0.0,0.0,0.0,0.0
166,0.0,0.0,0.0,0.0,0.0,0.0,0.0
167,0.0,0.0,0.0,0.0,0.0,0.0,0.0
168,0.0,0.0,0.0,0.0,0.0,0.0,0.0
169,0.0,0.0,0.0,0.0,0.0,0.0,0.0
170,0.0,0.0,0.0,0.0,0.0,0.0,0.0
171,0.0,0.0,0.0,0.0,0.0,0.0,0.0
172,0.0,0.0,0.0,0.0,0.0,0.0,0.0
173,0.0,0.0,0.0,0.0,0.0,0.0,0.0
174,0.0,0.0,0.0,0.0,0.0,0.0,0.0
175,0.0,0.0,0.0,0.0,0.0,0.0,0.0
176,0.0,0.0,0.0,0.0,0.0,0.0,0.0
177,0.0,0.0,0.0,0.0,0.0,0.0,0.0
178,0.0,0.0,0.0,0.0,0.0,0.0,0.0
179,0.0,0.0,0.0,0.0,0.0,0.0,0.0
180,0.0,0.0,0.0,0.0,0.0,0.0,0.0
181,0.0,0.0,0.0,0.0,0.0,0.0,0.0
182,0.0,0.0,0.0,0.0,0.0,0.0,0.0
183,0.0,0.0,0.0,0.0,0.0,0.0,0.0
184,0.0,0.0,0.0,0.0,0.0,0.0,0.0
185,0.0,0.0,0.0,0.0,0.0,0.0,0.0
186,0.0,0.0,0.0,0.0,0.0,0.0,0.0
187,0.0,0.0,0.0,0.0,0.0,0.0,0.0
188,0.0,0.0,0.0,0.0,0.0,0.0,0.0
189,0.0,0.0,0.0,0.0,0.0,0.0,0.0
190,0.0,0.0,0.0,0.0,0.0,0.0,0.0
191,0.0,0.0,0.0,0.0,0.0,0.0,0.0
192,0.0,0.0,0.0,0.0,0.0,0.0,0.0
193,0.0,0.0,0.0,0.0,0.0,0.0,0.0
194,0.0,0.0,0.0,0.0,0.0,0.0,0.0
195,0.0,0.0,0.0,0.0,0.0,0.0,0.0
196,0.0,0.0,0.0,0.0,0.0,0.0,0.0
197,0.0,0.0,0.0,0.0,0.0,0.0,0.0
198,0.0,0.0,0.0,0.0,0.0,0.0,0.0
199,0.0,0.0,0.0,0.0,0.0,0.0,0.0
200,0.0,0.0,0.0,0.0,0.0,0.0,0.0
201,0.0,0.0,0.0,0.0,0.0,0.0,0.0
202,0.0,0.0,0.0,0.0,0.0,0.0,0.0
203,0.0,0.0,0.0,0.0,0.0,0.0,0.0
204,0.0,0.0,0.0,0.0,0.0,0.0,0.0
205,0.0,0.0,0.0,0.0,0.0,0.0,0.0
206,0.0,0.0,0.0,0.0,0.0,0.0,0.0
207,0.0,0.0,0.0,0.0,0.0,0.0,0.0
208,0.0,0.0,0.0,0.0,0.0,0.0,0.0
209,0.0,0.0,0.0,0.0,0.0,0.0,0.0
210,0.0,0.0,0.0,0.0,0.0,0.0,0.0
211,0.0,0.0,0.0,0.0,0.0,0.0,0.0
212,0.0,0.0,0.0,0.0,0.0,0.0,0.0
213,0.0,0.0,0.0,0.0,0.0,0.0,0.0
214,0.0,0.0,0.0,0.0,0.0,0.0,0.0
215,0.0,0.0,0.0,0.0,0.0,0.0,0.0
216,0.0,0.0,0.0,0.0,0.0,0.0,0.0
217,0.0,0.0,0.0,0.0,0.0,0.0,0.0
218,0.0,0.0,0.0,0.0,0.0,0.0,0.0
219,0.0,0.0,0.0,0.0,0.0,0.0,0.0
220,0.0,0.0,0.0,0.0,0.0,0.0,0.0
221,0.0,0.0,0.0,0.0,0.0,0.0,0.0
222,0.0,0.0,0.0,0.0,0.0,0.0,0.0
223,0.0,0.0,0.0,0.0,0.0,0.0,0.0
224,0.0,0.0,0.0,0.0,0.0,0.0,0.0
225,0.0,0.0,0.0,0.0,0.0,0.0,0.0
226,0.0,0.0,0.0,0.0,0.0,0.0,0.0
227,0.0,0.0,0.0,0.0,0.0,0.0,0.0
228,0.0,0.0,0.0,0.0,0.0,0.0,0.0
229,0.0,0.0,0.0,0.0,0.0,0.0,0.0
230,0.0,0.0,0.0,0.0,0.0,0.0,0.0
231,0.0,0.0,0.0,0.0,0.0,0.0,0.0
232,0.0,0.0,0.0,0.0,0.0,0.0,0.0
233,0.0,0.0,0.0,0.0,0.0,0.0,0.0
234,0.0,0.0,0.0,0.0,0.0,0.0,0.0
235,0.0,0.0,0.0,0.0,0.0,0.0,0.0
236,0.0,0.0,0.0,0.0,0.0,0.0,0.0
237,0.0,0.0,0.0,0.0,0.0,0.0,0.0
238,0.0,0.0,0.0,0.0,0.0,0.0,0.0
239,0.0,0.0,0.0,0.0,0.0,0.0,0.0
240,0.0,0.0,0.0,0.0,0.0,0.0,0.0
241,0.0,0.0,0.0,0.0,0.0,0.0,0.0
242,0.0,0.0,0.0,0.0,0.0,0.0,0.0
243,0.0,0.0,0.0,0.0,0.0,0.0,0.0
244,0.0,0.0,0.0,0.0,0.0,0.0,0.0
245,0.0,0.0,0.0,0.0,0.0,0.0,0.0
246,0.0,0.0,0.0,0.0,0.0,0.0,0.0
247,0.0,0.0,0.0,0.0,0.0,0.0,0.0
248,0.0,0.0,0.0,0.0,0.0,0.0,0.0
249,0.0,0.0,0.0,0.0,0.0,0.0,0.0
250,0.0,0.0,0.0,0.0,0.0,0.0,0.0
251,0.0,0.0,0.0,0.0,0.0,0.0,0.0
252,0.0,0.0,0.0,0.0,0.0,0.0,0.0
253,0.0,0.0,0.0,0.0,0.0,0.0,0.0
254,0.0,0.0,0.0,0.0,0.0,0.0,0.0
255,0.0,0.0,0.0,0.0,0.0,0.0,0.0
256,0.0,0.0,0.0,0.0,0.0,0.0,0.0
257,0.0,0.0,0.0,0.0,0.0,0.0,0.0
258,0.0,0.0,0.0,0.0,0.0,0.0,0.0
259,0.0,0.0,0.0,0.0,0.0,0.0,0.0
260,0.0,0.0,0.0,0.0,0.0,0.0,0.0
261,0.0,0.0,0.0,0.0,0.0,0.0,0.0
262,0.0,0.0,0.0,0.0,0.0,0.0,0.0
263,0.0,0.0,0.0,0.0,0.0,0.0,0.0
264,0.0,0.0,0.0,0.0,0.0,0.0,0.0
265,0.0,0.0,0.0,0.0,0.0,0.0,0.0
266,0.0,0.0,0.0,0.0,0.0,0.0,0.0
267,0.0,0.0,0.0,0.0,0.0,0.0,0.0
268,0.0,0.0,0.0,0.0,0.0,0.0,0.0
269,0.0,0.0,0.0,0.0,0.0,0.0,0.0
270,0.0,0.0,0.0,0.0,0.0,0.0,0.0
271,0.0,0.0,0.0,0.0,0.0,0.0,0.0
272,0.0,0.0,0.0,0.0,0.0,0.0,0.0
273,0.0,0.0,0.0,0.0,0.0,0.0,0.0
274,0.0,0.0,0.0,0.0,0.0,0.0,0.0
275,0.0,0.0,0.0,0.0,0.0,0.0,0.0
276,0.0,0.0,0.0,0.0,0.0,0.0,0.0
277,0.0,0.0,0.0,0.0,0.0,0.0,0.0
278,0.0,0.0,0.0,0.0,0.0,0.0,0.0
279,0.0,0.0,0.0,0.0,0.0,0.0,0.0
280,0.0,0.0,0.0,0.0,0.0,0.0,0.0
281,0.0,0.0,0.0,0.0,0.0,0.0,0.0
282,0.0,0.0,0.0,0.0,0.0,0.0,0.0
283,0.0,0.0,0.0,0.0,0.0,0.0,0.0
284,0.0,0.0,0.0,0.0,0.0,0.0,0.0
285,0.0,0.0,0.0,0.0,0.0,0.0,0.0
286,0.0,0.0,0.0,0.0,0.0,0.0,0.0
287,0.0,0.0,0.0,0.0,0.0,0.0,0.0
288,0.0,0.0,0.0,0.0,0.0,0.0,0.0
289,0.0,0.0,0.0,0.0,0.0,0.0,0.0
290,0.0,0.0,0.0,0.0,0.0,0.0,0.0
291,0.0,0.0,0.0,0.0,0.0,0.0,0.0
292,0.0,0.0,0.0,0.0,0.0,0.0,0.0
293,0.0,0.0,0.0,0.0,0.0,0.0,0.0
294,0.0,0.0,0.0,0.0,0.0,0.0,0.0
295,0.0,0.0,0.0,0.0,0.0,0.0,0.0
296,0.0,0.0,0.0,0.0,0.0,0.0,0.0
297,0.0,0.0,0.0,0.0,0.0,0.0,0.0
298,0.0,0.0,0.0,0.0,0.0,0.0,0.0
299,0.0,0.0,0.0,0.0,0.0,0.0,0.0
300,0.0,0.0,0.0,0.0,0.0,0.0,0.0
301,0.0,0.0,0.0,0.0,0.0,0.0,0.0
302,0.0,0.0,0.0,0.0,0.0,0.0,0.0
303,0.0,0.0,0.0,0.0,0.0,0.0,0.0
304,0.0,0.0,0.0,0.0,0.0,0.0,0.0
305,0.0,0.0,0.0,0.0,0.0,0.0,0.0
306,0.0,0.0,0.0,0.0,0.0,0.0,0.0
307,0.0,0.0,0.0,0.0,0.0,0.0,0.0
308,0.0,0.0,0.0,0.0,0.0,0.0,0.0
309,0.0,0.0,0.0,0.0,0.0,0.0,0.0
310,0.0,0.0,0.0,0.0,0.0,0.0,0.0
311,0.0,0.0,0.0,0.0,0.0,0.0,0.0
312,0.0,0.0,0.0,0.0,0.0,0.0,0.0
313,0.0,0.0,0.0,0.0,0.0,0.0,0.0
314,0.0,0.0,0.0,0.0,0.0,0.0,0.0
315,0.0,0.0,0.0,0.0,0.0,0.0,0.0
316,0.0,0.0,0.0,0.0,0.0,0.0,0.0
317,0.0,0.0,0.0,0.0,0.0,0.0,0.0
318,0.0,0.0,0.0,0.0,0.0,0.0,0.0
319,0.0,0.0,0.0,0.0,0.0,0.0,0.0
320,0.0,0.0,0.0,0.0,0.0,0.0,0.0
321,0.0,0.0,0.0,0.0,0.0,0.0,0.0
322,0.0,0.0,0.0,0.0,0.0,0.0,0.0
323,0.0,0.0,0.0,0.0,0.0,0.0,0.0
324,0.0,0.0,0.0,0.0,0.0,0.0,0.0
325,0.0,0.0,0.0,0.0,0.0,0.0,0.0
326,0.0,0.0,0.0,0.0,0.0,0.0,0.0
327,0.0,0.0,0.0,0.0,0.0,0.0,0.0
328,0.0,0.0,0.0,0.0,0.0,0.0,0.0
329,0.0,0.0,0.0,0.0,0.0,0.0,0.0
330,0.0,0.0,0.0,0.0,0.0,0.0,0.0
331,0.0,0.0,0.0,0.0,0.0,0.0,0.0
332,0.0,0.0,0.0,0.0,0.0,0.0,0.0
333,0.0,0.0,0.0,0.0,0.0,0.0,0.0
334,0.0,0.0,0.0,0.0,0.0,0.0,0.0
335,0.0,0.0,0.0,0.0,0.0,0.0,0.0
336,0.0,0.0,0.0,0.0,0.0,0.0,0.0
337,0.0,0.0,0.0,0.0,0.0,0.0,0.0
338,0.0,0.0,0.0,0.0,0.0,0.0,0.0
339,0.0,0.0,0.0,0.0,0.0,0.0,0.0
340,0.0,0.0,0.0,0.0,0.0,0.0,0.0
341,0.0,0.0,0.0,0.0,0.0,0.0,0.0
342,0.0,0.0,0.0,0.0,0.0,0.0,0.0
343,0.0,0.0,0.0,0.0,0.0,0.0,0.0
344,0.0,0.0,0.0,0.0,0.0,0.0,0.0
345,0.0,0.0,0.0,0.0,0.0,0.0,0.0
346,0.0,0.0,0.0,0.0,0.0,0.0,0.0
347,0.0,0.0,0.0,0.0,0.0,0.0,0.0
348,0.0,0.0,0.0,0.0,0.0,0.0,0.0
349,0.0,0.0,0.0,0.0,0.0,0.0,0.0
350,0.0,0.0,0.0,0.0,0.0,0.0,0.0
351,0.0,0.0,0.0,0.0,0.0,0.0,0.0
352,0.0,0.0,0.0,0.0,0.0,0.0,0.0
353,0.0,0.0,0.0,0.0,0.0,0.0,0.0
354,0.0,0.0,0.0,0.0,0.0,0.0,0.0
355,0.0,0.0,0.0,0.0,0.0,0.0,0.0
356,0.0,0.0,0.0,0.0,0.0,0.0,0.0
357,0.0,0.0,0.0,0.0,0.0,0.0,0.0
358,0.0,0.0,0.0,0.0,0.0,0.0,0.0
359,0.0,0.0,0.0,0.0,0.0,0.0,0.0
360,0.0,0.0,0.0,0.0,0.0,0.0,0.0
361,0.0,0.0,0.0,0.0,0.0,0.0,0.0
362,0.0,0.0,0.0,0.0,0.0,0.0,0.0
363,0.0,0.0,0.0,0.0,0.0,0.0,0.0
364,0.0,0.0,0.0,0.0,0.0,0.0,0.0
365,0.0,0.0,0.0,0.0,0.0,0.0,0.0
366,0.0,0.0,0.0,0.0,0.0,0.0,0.0
367,0.0,0.0,0.0,0.0,0.0,0.0,0.0
368,0.0,0.0,0.0,0.0,0.0,0.0,0.0
369,0.0,0.0,0.0,0.0,0.0,0.0,0.0
370,0.0,0.0,0.0,0.0,0.0,0.0,0.0
371,0.0,0.0,0.0,0.0,0.0,0.0,0.0
372,0.0,0.0,0.0,0.0,0.0,0.0,0.0
373,0.0,0.0,0.0,0.0,0.0,0.0,0.0
374,0.0,0.0,0.0,0.0,0.0,0.0,0.0
375,0.0,0.0,0.0,0.0,0.0,0.0,0.0
376,0.0,0.0,0.0,0.0,0.0,0.0,0.0
377,0.0,0.0,0.0,0.0,0.0,0.0,0.0
378,0.0,0.0,0.0,0.0,0.0,0.0,0.0
379,0.0,0.0,0.0,0.0,0.0,0.0,0.0
380,0.0,0.0,0.0,0.0,0.0,0.0,0.0
381,0.0,0.0,0.0,0.0,0.0,0.0,0.0
382,0.0,0.0,0.0,0.0,0.0,0.0,0.0
383,0.0,0.0,0.0,0.0,0.0,0.0,0.0
384,0.0,0.0,0.0,0.0,0.0,0.0,0.0
385,0.0,0.0,0.0,0.0,0.0,0.0,0.0
386,0.0,0.0,0.0,0.0,0.0,0.0,0.0
387,0.0,0.0,0.0,0.0,0.0,0.0,0.0
388,0.0,0.0,0.0,0.0,0.0,0.0,0.0
389,0.0,0.0,0.0,0.0,0.0,0.0,0.0
390,0.0,0.0,0.0,0.0,0.0,0.0,0.0
391,0.0,0.0,0.0,0.0,0.0,0.0,0.0
392,0.0,0.0,0.0,0.0,0.0,0.0,0.0
393,0.0,0.0,0.0,0.0,0.0,0.0,0.0
394,0.0,0.0,0.0,0.0,0.0,0.0,0.0
395,0.0,0.0,0.0,0.0,0.0,0.0,0.0
396,0.0,0.0,0.0,0.0,0.0,0.0,0.0
397,0.0,0.0,0.0,0.0,0.0,0.0,0.0
398,0.0,0.0,0.0,0.0,0.0,0.0,0.0
399,0.0,0.0,0.0,0.0,0.0,0.0,0.0
400,0.0,0.0,0.0,0.0,0.0,0.0,0.0
401,0.0,0.0,0.0,0.0,0.0,0.0,0.0
402,0.0,0.0,0.0,0.0,0.0,0.0,0.0
403,0.0,0.0,0.0,0.0,0.0,0.0,0.0
404,0.0,0.0,0.0,0.0,0.0,0.0,0.0
405,0.0,0.0,0.0,0.0,0.0,0.0,0.0
406,0.0,0.0,0.0,0.0,0.0,0.0,0.0
407,0.0,0.0,0.0,0.0,0.0,0.0,0.0
408,0.0,0.0,0.0,0.0,0.0,0.0,0.0
409,0.0,0.0,0.0,0.0,0.0,0.0,0.0
410,0.0,0.0,0.0,0.0,0.0,0.0,0.0
411,0.0,0.0,0.0,0.0,0.0,0.0,0.0
412,0.0,0.0,0.0,0.0,0.0,0.0,0.0
413,0.0,0.0,0.0,0.0,0.0,0.0,0.0
414,0.0,0.0,0.0,0.0,0.0,0.0,0.0
415,0.0,0.0,0.0,0.0,0.0,0.0,0.0
416,0.0,0.0,0.0,0.0,0.0,0.0,0.0
417,0.0,0.0,0.0,0.0,0.0,0.0,0.0
418,0.0,0.0,0.0,0.0,0.0,0.0,0.0
419,0.0,0.0,0.0,0.0,0.0,0.0,0.0
420,0.0,0.0,0.0,0.0,0.0,0.0,0.0
421,0.0,0.0,0.0,0.0,0.0,0.0,0.0
422,0.0,0.0,0.0,0.0,0.0,0.0,0.0
423,0.0,0.0,0.0,0.0,0.0,0.0,0.0
424,0.0,0.0,0.0,0.0,0.0,0.0,0.0
425,0.0,0.0,0.0,0.0,0.0,0.0,0.0
426,0.0,0.0,0.0,0.0,0.0,0.0,0.0
427,0.0,0.0,0.0,0.0,0.0,0.0,0.0
428,0.0,0.0,0.0,0.0,0.0,0.0,0.0
429,0.0,0.0,0.0,0.0,0.0,0.0,0.0
430,0.0,0.0,0.0,0.0,0.0,0.0,0.0
431,0.0,0.0,0.0,0.0,0.0,0.0,0.0
432,0.0,0.0,0.0,0.0,0.0,0.0,0.0
433,0.0,0.0,0.0,0.0,0.0,0.0,0.0
434,0.0,0.0,0.0,0.0,0.0,0.0,0.0
435,0.0,0.0,0.0,0.0,0.0,0.0,0.0
436,0.0,0.0,0.0,0.0,0.0,0.0,0.0
437,0.0,0.0,0.0,0.0,0.0,0.0,0.0
438,0.0,0.0,0.0,0.0,0.0,0.0,0.0
439,0.0,0.0,0.0,0.0,0.0,0.0,0.0
440,0.0,0.0,0.0,0.0,0.0,0.0,0.0
441,0.0,0.0,0.0,0.0,0.0,0.0,0.0
442,0.0,0.0,0.0,0.0,0.0,0.0,0.0
443,0.0,0.0,0.0,0.0,0.0,0.0,0.0
444,0.0,0.0,0.0,0.0,0.0,0.0,0.0
445,0.0,0.0,0.0,0.0,0.0,0.0,0.0
446,0.0,0.0,0.0,0.0,0.0,0.0,0.0
447,0.0,0.0,0.0,0.0,0.0,0.0,0.0
448,0.0,0.0,0.0,0.0,0.0,0.0,0.0
449,0.0,0.0,0.0,0.0,0.0,0.0,0.0
450,0.0,0.0,0.0,0.0,0.0,0.0,0.0
451,0.0,0.0,0.0,0.0,0.0,0.0,0.0
452,0.0,0.0,0.0,0.0,0.0,0.0,0.0
453,0.0,0.0,0.0,0.0,0.0,0.0,0.0
454,0.0,0.0,0.0,0.0,0.0,0.0,0.0
455,0.0,0.0,0.0,0.0,0.0,0.0,0.0
456,0.0,0.0,0.0,0.0,0.0,0.0,0.0
457,0.0,0.0,0.0,0.0,0.0,0.0,0.0
458,0.0,0.0,0.0,0.0,0.0,0.0,0.0
459,0.0,0.0,0.0,0.0,0.0,0.0,0.0
460,0.0,0.0,0.0,0.0,0.0,0.0,0.0
461,0.0,0.0,0.0,0.0,0.0,0.0,0.0
462,0.0,0.0,0.0,0.0,0.0,0.0,0.0
463,0.0,0.0,0.0,0.0,0.0,0.0,0.0
464,0.0,0.0,0.0,0.0,0.0,0.0,0.0
465,0.0,0.0,0.0,0.0,0.0,0.0,0.0
466,0.0,0.0,0.0,0.0,0.0,0.0,0.0
467,0.0,0.0,0.0,0.0,0.0,0.0,0.0
468,0.0,0.0,0.0,0.0,0.0,0.0,0.0
469,0.0,0.0,0.0,0.0,0.0,0.0,0.0
470,0.0,0.0,0.0,0.0,0.0,0.0,0.0
471,0.0,0.0,0.0,0.0,0.0,0.0,0.0
472,0.0,0.0,0.0,0.0,0.0,0.0,0.0
473,0.0,0.0,0.0,0.0,0.0,0.0,0.0
474,0.0,0.0,0.0,0.0,0.0,0.0,0.0
475,0.0,0.0,0.0,0.0,0.0,0.0,0.0
476,0.0,0.0,0.0,0.0,0.0,0.0,0.0
477,0.0,0.0,0.0,0.0,0.0,0.0,0.0
478,0.0,0.0,0.0,0.0,0.0,0.0,0.0
479,0.0,0.0,0.0,0.0,0.0,0.0,0.0
480,0.0,0.0,0.0,0.0,0.0,0.0,0.0
