policy_number,entry_age,sex,smoker,monthly_premium,policy_term,initial_account,sum_assured,expense_band,cohort
SV00001,30,M,true,100.00,10,0.00,25000.0,1,2026
SV00002,38,F,false,125.00,10,1500.00,25000.0,2,2025
SV00003,45,M,false,150.00,10,3600.00,25000.0,3,2024
SV00004,52,F,false,175.00,10,0.00,25000.0,1,2026
SV00005,30,M,true,200.00,15,2400.00,25000.0,2,2025
SV00006,38,F,false,225.00,15,5400.00,25000.0,3,2024
SV00007,45,M,false,100.00,15,0.00,25000.0,1,2026
SV00008,52,F,false,125.00,15,1500.00,25000.0,2,2025
SV00009,30,M,true,150.00,20,3600.00,25000.0,3,2024
SV00010,38,F,false,175.00,20,0.00,25200.0,1,2026
SV00011,45,M,false,200.00,20,2400.00,28800.0,2,2025
SV00012,52,F,false,225.00,20,5400.00,32400.0,3,2024
SV00013,30,M,true,100.00,25,0.00,25000.0,1,2026
SV00014,38,F,false,125.00,25,1500.00,25000.0,2,2025
SV00015,45,M,false,150.00,25,3600.00,27000.0,3,2024
SV00016,52,F,false,175.00,25,0.00,31500.0,1,2026
SV00017,30,M,true,200.00,30,2400.00,43200.0,2,2025
SV00018,38,F,false,225.00,30,5400.00,48600.0,3,2024
SV00019,45,M,false,100.00,30,0.00,25000.0,1,2026
SV00020,52,F,false,125.00,30,1500.00,27000.0,2,2025
