policy_number,entry_age,sex,smoker,sum_assured,annual_premium,policy_term,expense_band
TA00001,28,M,true,50000.0,151.39,10,1
TA00002,35,F,false,75000.0,127.43,10,2
TA00003,42,M,false,100000.0,218.61,10,3
TA00004,49,F,true,125000.0,553.89,10,1
TA00005,56,M,false,150000.0,833.39,10,2
TA00006,28,F,false,175000.0,166.06,15,3
TA00007,35,M,true,200000.0,462.48,15,1
TA00008,42,F,false,225000.0,305.79,15,2
TA00009,49,M,false,50000.0,203.90,15,3
TA00010,56,F,true,75000.0,649.08,15,1
TA00011,28,M,false,100000.0,147.89,20,2
TA00012,35,F,false,125000.0,160.39,20,3
TA00013,42,M,true,150000.0,520.93,20,1
TA00014,49,F,false,175000.0,395.26,20,2
TA00015,56,M,false,200000.0,1085.19,20,3
TA00016,28,F,true,225000.0,315.77,25,1
TA00017,35,M,false,50000.0,123.77,25,2
TA00018,42,F,false,75000.0,153.93,25,3
TA00019,49,M,true,100000.0,606.76,25,1
TA00020,56,F,false,125000.0,531.24,25,2
TA00021,28,M,false,150000.0,182.84,30,3
TA00022,35,F,true,175000.0,320.22,30,1
TA00023,42,M,false,200000.0,359.22,30,2
TA00024,49,F,false,225000.0,485.90,30,3
TA00025,56,M,true,50000.0,606.77,30,1
