t,model.account_at_maturity,model.allocated_premium,model.claims_incurred,model.cost_of_insurance,model.coverage_units,model.csm_release,model.death_claims,model.deaths,model.fcf_balance,model.guarantee_cost,model.insurance_revenue,model.insurance_service_expense,model.insurance_service_result,model.lic,model.lrc,model.management_charge,model.maturities,model.maturity_claims,model.net_cashflow,model.net_outflow,model.policy_fee,model.premium_income,model.ra_release,model.renewal_expenses,model.surrender_claims,model.surrenders
0,0.0,60.0,1.4243994012425043,1.566839341366755,25.0,1.6378101800503464,1.4243994012425043,5.697597604970017e-05,-387.25703961586623,0.0,10.31531208278601,4.824399401242502,5.490912681543508,0.0,0.0,0.0,0.0,0.0,95.17560059875748,-95.1756005987575,6.0,100.0,3.8531025014931606,3.4,0.0,0.012968905016781699
1,0.0,60.0,2.0327994707315433,1.563538473031535,24.674352975179215,1.6181271320473356,1.405845344155659,5.623381376622636e-05,-292.99063504080715,0.0,10.813434887075832,5.388511475355912,5.42492341171992,1.4243994012425043,89.96385992456699,0.13351499220010932,0.0,0.0,93.30890042536093,-93.30890042536095,6.0,98.69741190071686,3.806796279672584,3.355712004624373,0.6269541265758841,0.012799973603425767
2,0.0,60.0,2.626338278956254,1.560231041684904,24.352947789749415,1.5986806330555645,1.3875329700083614,5.5501318800334455e-05,-200.30330728274237,0.0,11.298066373068554,5.93833917836217,5.359727194706384,2.0327994707315433,178.4014446810064,0.2672954480081023,0.0,0.0,91.47345198063549,-91.47345198063549,6.0,97.41179115899766,3.7610465616508195,3.3120008994059202,1.238805308947893,0.012633242670556159
3,0.0,60.0,3.2052861469329166,1.5569170342778345,24.0357291900155,1.5794678402513649,1.3694591306674024,5.47783652266961e-05,-109.16862270900997,0.0,11.76945981644418,6.474145316775022,5.295314499669157,2.626338278956254,265.33855674240414,0.4013418952368181,0.0,0.0,89.66877144328699,-89.66877144328699,6.0,96.14291676006201,3.7158466594177932,3.268859169842108,1.8358270162655144,0.012468683554975935
4,0.0,60.0,3.7699090254945773,1.5535964377353553,23.722642642010435,1.5604859449758557,1.3516207190067826,5.40648287602713e-05,-19.56055073123221,0.0,12.227864335123154,6.996188424807997,5.2316759103151576,3.2052861469329166,350.800603133379,0.5356548627485295,0.0,0.0,87.89438214323374,-87.89438214323374,6.0,94.89057056804174,3.6711899653393023,3.226279399313419,2.4182883064877947,0.012306267966851544
5,0.0,60.0,4.320468561609608,1.5502692389564983,23.413634322120142,1.541732172324352,1.3340146683735552,5.3360586734942205e-05,68.5465421135543,0.0,12.673524952933363,7.504722829417943,5.16880212351542,3.7699090254945773,434.8126012577003,0.6702348804570291,0.0,0.0,86.14981445906263,-86.14981445906263,6.0,93.65453728848057,3.627069951191068,3.184254267808339,2.9864538932360523,0.012145967984849442
6,0.0,60.0,4.857222163732494,1.5469354248142473,23.10865110783053,1.523203780740711,1.3166379520606295,5.2665518082425184e-05,155.1778979973297,0.0,13.106682662342555,7.999998714397449,5.106683947945106,4.320468561609608,517.399184642562,0.8050824793297203,0.0,0.0,84.43460571692466,-84.43460571692466,6.0,92.43460443132211,3.5834801672043937,3.142776550664952,3.5405842116718644,0.011987756051336052
7,0.0,60.0,5.380423066200593,1.5435949821554853,22.807640568595065,1.5048980616165537,1.2994875827864425,5.19795033114577e-05,240.35837355226437,0.0,13.527574486269376,8.482262183529528,5.045312302739848,4.857222163732494,598.584608600685,0.9401981913897122,0.0,0.0,82.74830009085073,-82.74830009085073,6.0,91.23056227438026,3.540414241123294,3.101839117328929,4.080935483414151,0.011831604967640253
8,0.0,60.0,5.890320392690438,1.5402478978009446,22.510550956821273,1.4868123388953005,1.2825606121814042,5.130242448725617e-05,324.11244553980015,0.0,13.936433538986384,8.95175532281813,4.984678216168254,5.380423066200593,678.3927558113952,1.0755825497179181,0.0,0.0,81.09044850446698,-81.09044850446696,6.0,90.04220382728509,3.497865877272954,3.0614349301276933,4.607759780509034,0.01167748788937758
9,0.0,60.0,6.387159218746955,1.5368941585451523,22.21733119897465,1.4689439686809664,1.2658541302810362,5.0634165211241447e-05,406.4642164387879,0.0,14.333489086127864,9.408716261807513,4.9247728243203515,5.890320392690438,756.8471418218178,1.2112360884551598,0.0,0.0,79.4606085340911,-79.4606085340911,6.0,88.8693247958986,3.4558288556393855,3.0215570430605525,5.121305088465919,0.011525378321835316
10,0.0,60.0,6.871180633398792,1.533533751156381,21.92793088679849,1.4512903388516591,1.2493652650257112,4.997461060102845e-05,487.43741995381447,0.0,14.718966603815181,9.853379234003384,4.865587369811797,6.387159218746955,833.9709204693047,1.347159342804274,0.0,0.0,77.85834431319057,-77.85834431319057,6.0,87.71172354719396,3.414297030960137,2.9821986006045944,5.62181536837308,0.011375250115417731
11,0.0,60.0,7.342621799872741,1.5301666623765937,21.642300268648018,1.4338488686777195,1.233091181766909,4.932364727067636e-05,567.0554264448369,0.0,15.09308783691253,10.285974636408866,4.807113200503663,6.871180633398792,909.7868892262015,1.4833528490322239,0.0,0.0,76.28322643818319,-76.2832264381832,6.0,86.56920107459207,3.3732643318259443,2.9433528365361306,6.109530618105832,0.011227077461150608
12,0.0,100.0,5.675933459688045,1.581765417096742,21.360390240937488,1.4149059233507322,1.2608485023208775,5.04339400928351e-05,645.3412482792256,0.0,13.405892093008763,8.662286898493036,4.743605194515727,7.342621799872741,984.3174944680453,1.619817144472215,0.0,0.0,76.7792740652569,-76.7792740652569,6.168,85.44156096374994,3.328699271164995,2.986353438804988,4.415084957367167,0.007311854777249128
13,0.0,100.0,6.270207512619686,1.5756689327003826,21.176333023003934,1.4040051759489367,1.2499840815422671,4.9999363261690687e-05,724.368351271086,0.0,13.937887693423411,9.230828279899825,4.707059413523586,5.675933459688045,1059.6413972606708,1.8578403772101775,0.0,0.0,75.47450381211591,-75.47450381211591,6.168,84.70533209201574,3.3030542375746483,2.960620767280134,5.02022343107742,0.007248850326812855
14,0.0,100.0,6.855087954944218,1.5695603130395057,20.99386178075207,1.3931884103101384,1.2392132767997133,4.956853107198853e-05,802.3326193964441,0.0,14.460992972078841,9.790197782787601,4.6707951892912405,6.270207512619686,1133.9275973441456,2.0963374034826887,0.0,0.0,74.18524934022066,-74.18524934022068,6.168,83.97544712300828,3.2776067789811023,2.9351098278433856,5.615874678144505,0.007186388770197056
15,0.0,100.0,7.4306841155312275,1.5634395339584455,20.812962848220344,1.382454979420306,1.2285352814269066,4.914141125707627e-05,879.2463083240543,0.0,14.975313178058512,10.340502825415214,4.6348103526432975,6.855087954944218,1207.1881461858325,2.3353091663922796,0.0,0.0,72.91134856746616,-72.91134856746616,6.168,83.25185139288138,3.2523553732229913,2.9098187098839903,6.202148834104321,0.0071244654294194895
16,0.0,100.0,7.997104192608724,1.5573065712534522,20.63362267720343,1.3718042412501477,1.2179492957083835,4.871797182833534e-05,955.1215492856861,0.0,15.480952462979346,10.881849711863183,4.599102751116163,7.4306841155312275,1279.4349723563953,2.574756610918761,0.0,0.0,71.65264099695055,-71.65264099695054,6.168,82.53449070881372,3.227298509866015,2.8847455192544573,6.779154896900341,0.007063075666806934
17,0.0,100.0,8.554455264758419,1.551161400672598,20.455827836237546,1.3612355587167064,1.2074545268196306,4.829818107278522e-05,1029.9703502789125,0.0,15.978013891716419,11.414343642887118,4.5636702488293,7.997104192608724,1350.6798827206185,2.814680683922958,0.0,0.0,70.40896770206307,-70.40896770206307,6.168,81.82331134495018,3.202434690112594,2.8598883781286992,7.347000737938788,0.007002214884647854
18,0.0,100.0,9.102843301807926,1.545003997915681,20.27956500959453,1.350748299645254,1.1970501887677085,4.788200755070834e-05,1103.804597258683,0.0,16.46659945302679,11.93808872666932,4.528510726357471,8.554455264758419,1420.9345636171026,3.055082334150455,0.0,0.0,69.1801713117088,-69.1801713117088,6.168,81.11826003837812,3.177762426712217,2.8352454248613923,7.905793113040218,0.006941878524848062
19,0.0,100.0,9.642373175620861,1.5388343386341286,20.104820996284566,1.340341836731474,1.1867355023323851,4.7469420093295405e-05,1176.636055317786,0.0,16.94681007007336,12.453187989469413,4.493622080603949,9.102843301807926,1490.2105820269403,3.2959625122353478,0.0,0.0,67.96609599566884,-67.96609599566884,6.168,80.41928398513825,3.153280243872476,2.8108148138485523,8.455637673288475,0.006882062068589345
20,0.0,100.0,10.17314867078573,1.5326523984309017,19.931582709067502,1.330015547503942,1.1765096950077767,4.706038780031107e-05,1248.476369856299,0.0,17.418745610849772,12.959743386175035,4.459002224674737,9.642373175620861,1558.5193867314715,3.537322170704003,0.0,0.0,66.76658745009495,-66.76658745009496,6.168,79.72633083627,3.1289866771707957,2.786594715389309,8.996638975777953,0.00682276103599103
21,0.0,100.0,10.695272495204586,1.5264581528603982,19.759837173472715,1.31976881428689,1.166372000944493,4.6654880037779714e-05,1319.337067740129,0.0,17.88250489850718,13.457855810753458,4.424649087753721,10.17314867078573,1625.8723094592176,3.7791622639788236,0.0,0.0,65.5814928831374,-65.58149288313741,6.168,79.03934869389087,3.104880273466832,2.7625833155488735,9.528900494260093,0.006763970985774475
22,0.0,100.0,11.208846290582297,1.5202515774283556,19.58957152682741,1.309601024163262,1.1563216608922782,4.625286643569113e-05,1389.2295584487429,0.0,18.33818572158381,13.947625106604988,4.3905606149788206,10.695272495204586,1692.280566022095,4.021483748382024,0.0,0.0,64.41066100070466,-64.41066100070465,6.168,78.35828610730964,3.0809595908155596,2.7387788160226867,10.05252462969002,0.0067056875149304395
23,0.0,100.0,11.713970642817428,1.5140326475917552,19.420773017293257,1.299511568938049,1.1463579221431497,4.585431688572599e-05,1458.1651352121849,0.0,18.785884844138224,14.429150076819163,4.356734767319061,11.208846290582297,1757.7552574410042,4.26428758213941,0.0,0.0,63.253941992353866,-63.253941992353866,6.168,77.68309206917303,3.057223198381012,2.715179434001736,10.567612720674278,0.00664790625838933
24,0.0,100.0,9.340957436455216,1.5667130624046364,19.253429002911382,1.2866632709651882,1.180883764771522,4.723535059086088e-05,1526.1549761374806,0.0,16.42177041360157,12.10811077375135,4.313659639850222,11.713970642817428,1822.307371060894,4.507574725384171,0.0,0.0,64.90560523789419,-64.90560523789418,6.340704,77.01371601164553,3.026996368885033,2.767153337296127,8.160073671683694,0.004780421639886579
25,0.0,100.0,9.719875695401718,1.5602410964227325,19.13273757814945,1.279657215591229,1.1734813148480845,4.693925259392338e-05,1596.013261555662,0.0,16.75985412465409,12.46968294443677,4.290171180217321,9.340957436455216,1888.760437370653,4.750756357451649,0.0,0.0,64.06126736816103,-64.06126736816103,6.340704,76.5309503125978,3.010513964626091,2.7498072490350434,8.546394380553634,0.004750455242805131
26,0.0,100.0,10.094542806102446,1.5537562312749635,19.012802715764472,1.2726893091354918,1.1661252676837528,4.664501070735011e-05,1665.2420368826295,0.0,17.0939233204275,12.827112702006445,4.266810618421054,9.719875695401718,1954.5969553407003,4.994422670714341,0.0,0.0,63.224098161051444,-63.224098161051444,6.340704,76.05121086305789,2.9941213092855645,2.7325698959039957,8.928417538418692,0.004720676692115003
27,0.0,100.0,10.464993460873345,1.5472584412522197,18.893619673193914,1.2657593438719619,1.1588153323996866,4.635261329598746e-05,1733.846533546124,0.0,17.424011315203227,13.180434057162799,4.243577258040428,10.094542806102446,2019.8220684503751,5.238574631182136,0.0,0.0,62.39404463561284,-62.39404463561284,6.340704,75.57447869277564,2.9778179141684653,2.7154405962894512,9.306178128473658,0.004691084810288361
28,0.0,100.0,10.831262100067997,1.5407477005941514,18.775183737604305,1.25886711320572,1.1515512199404385,4.6062048797617545e-05,1801.8319461124902,0.0,17.75015117936515,13.529680772918617,4.220470406446534,10.464993460873345,2084.4408837424435,5.483213206790258,0.0,0.0,61.5710541774986,-61.5710541774986,6.340704,75.10073495041722,2.9616032932408145,2.6984186728506177,9.679710880127558,0.0046616784271787766
29,0.0,100.0,11.193382913804957,1.534223983489067,18.657490225704894,1.2520124116667857,1.1443326430625254,4.5773305722501016e-05,1869.203432539681,0.0,18.072375741079558,13.874886366297616,4.1974893747819415,10.831262100067997,2148.4584720736184,5.72833936740311,0.0,0.0,60.75507453652196,-60.75507453652196,6.340704,74.62996090281958,2.9454769631151554,2.681503452492659,10.049050270742432,0.004632456379974972
30,0.0,100.0,11.55138984368363,1.527687264073829,18.540534483562453,1.245195034903989,1.1371593163230689,4.548637265292276e-05,1935.9661144285956,0.0,18.390717587963845,14.216084110023715,4.17463347794013,11.193382913804957,2211.879868363433,5.973954084818111,0.0,0.0,59.94605382422611,-59.9460538242261,6.340704,74.16213793424981,2.92943844303614,2.6646942663400806,10.41423052736056,0.0046034175131548245
31,0.0,100.0,11.905316584488766,1.521137516433753,18.42431188641726,1.2384147796788814,1.1300309560685096,4.520123824274038e-05,2002.1250772727626,0.0,18.705209068744125,14.553307034199044,4.151902034545081,11.55138984368363,2274.7100718414626,6.220058332769555,0.0,0.0,59.14394051147,-59.14394051147,6.340704,73.69724754566904,2.913487254866201,2.6479904497102784,10.775285628420257,0.004574560678439684
32,0.0,100.0,12.25519658588363,1.5145747146025055,18.308817838500204,1.231671443859673,1.1229472804233878,4.491789121693551e-05,2067.685370706379,0.0,19.01588229490185,14.886587927970886,4.129294366930964,11.905316584488766,2336.9540462929267,6.46665308693247,0.0,0.0,58.34868342602993,-58.34868342602993,6.340704,73.23527135400082,2.8976229230712907,2.631391342087257,11.132249305460242,0.004545884734748961
33,0.0,100.0,12.601063054091949,1.5079988325619982,18.194047772851057,1.22496482641521,1.1159080092792013,4.4636320371168055e-05,2132.6520087507147,0.0,19.322769142309376,15.215959341187457,4.106809801121919,12.25519658588363,2398.616720302659,6.713739324926483,0.0,0.0,57.56023175021676,-57.56023175021676,6.340704,72.77619109140421,2.88184497470671,2.6148962870955095,11.485155044812748,0.004517388548155008
34,0.0,100.0,12.942948953568678,1.5014098442422874,18.0799971511379,1.21829472740898,1.1089128642833257,4.4356514571333026e-05,2197.0299700588935,0.0,19.62590125285473,15.541453586042742,4.08444766681199,12.601063054091949,2459.702987497474,6.961318026319702,0.0,0.0,56.77853501850886,-56.778535018508855,6.340704,72.3199886045516,2.866152939403009,2.5985046324740635,11.834036089285352,0.004489070991838279
35,0.0,100.0,13.280887008659683,1.4948077235214705,17.96666146347766,1.2116609479931533,1.1019615688280093,4.407846275312037e-05,2260.824198159064,0.0,19.925310036055482,15.863102738710367,4.062207297345115,12.942948953568678,2520.2177067869325,7.209390172632593,0.0,0.0,56.00354311520027,-56.00354311520027,6.340704,71.86664585391064,2.8505463493519625,2.582215730050689,12.178925439831673,0.004460930946042775
36,0.0,100.0,11.26295969729326,1.5511004183675925,17.854036228257762,1.201443876205259,1.1413433043687358,4.565373217474943e-05,2324.039601695965,0.0,17.9287910463649,13.900837443209582,4.027953603155318,13.280887008659683,2580.1657026025123,7.457956747341873,0.0,0.0,57.515307469821465,-57.515307469821465,6.518243712,71.41614491303105,2.8265097269500554,2.637877745916324,10.121616392924524,0.0035468642840648617
37,0.0,100.0,11.541791535273894,1.5442087434747598,17.764223277851773,1.1962907115226176,1.1356018905908674,4.54240756236347e-05,2388.9682534060757,0.0,18.177076833855963,14.166399700007446,4.010677133848517,11.26295969729326,2641.8511360691723,7.706406463602204,0.0,0.0,56.89049341139964,-56.89049341139963,6.518243712,71.05689311140708,2.8143864223259007,2.62460816473355,10.406189644683026,0.003529022136666431
38,0.0,100.0,11.818199343447315,1.5373033131588942,17.674862122544518,1.1911596495005934,1.1298893584229779,4.519557433691912e-05,2453.4722571268526,0.0,18.423079444094576,14.429604678304152,3.993474765790424,11.541791535273894,2703.1191562499066,7.955352072516036,0.0,0.0,56.26984381187393,-56.26984381187392,6.518243712,70.69944849017807,2.8023151162898308,2.6114053348568365,10.688309985024336,0.0035112697424128326
39,0.0,100.0,12.09219842528095,1.5303840999648894,17.585950489625773,1.1860505953377125,1.124205562579006,4.496822250316024e-05,2517.5544684289744,0.0,18.66681352693151,14.690467345781336,3.9763461811501735,11.818199343447315,2763.9725669037894,8.204794563859199,0.0,0.0,55.653334612721764,-55.65333461272177,6.518243712,70.34380195850311,2.7902955858124616,2.598268920500388,10.967992862701944,0.003493606649809814
40,0.0,100.0,12.36380399779242,1.5234510763828408,17.497486117817953,1.180963454639119,1.1185503585037369,4.4742014340149476e-05,2581.217727638576,0.0,18.9082936488201,14.949002585359963,3.9592910634601353,12.09219842528095,2824.4141567028896,8.45473492938306,0.0,0.0,55.04094188591184,-55.04094188591185,6.518243712,69.98994447127181,2.778327608821016,2.5851985875675476,11.245253639288684,0.003476032409634318
41,0.0,100.0,12.633031192013242,1.5165042148479355,17.409466757218592,1.1758981334148284,1.1129236023691267,4.451694409476507e-05,2644.4648599206935,0.0,19.14753429326558,15.205225195655537,3.9423090976100426,12.36380399779242,2884.4466993148408,8.705174162818473,0.0,0.0,54.43264183321884,-54.43264183321883,6.518243712,69.63786702887437,2.766410964195214,2.572194003642297,11.520107589644114,0.0034585465749230613
42,0.0,100.0,12.899895053450104,1.5095434877403426,17.321890169243147,1.1708545380779938,1.1073251510706448,4.429300604282579e-05,2707.298675362279,0.0,19.3845498612721,15.459149891430911,3.9253999698411874,12.633031192013242,2944.072953484982,8.956113259879727,0.0,0.0,53.82841078554168,-53.828410785541664,6.518243712,69.28756067697257,2.7545454317631957,2.559254837980805,11.792569902379459,0.0034411487009611643
43,0.0,100.0,13.164410542543743,1.5025688673851034,17.23475412656805,1.1658325754431758,1.1017548622236328,4.407019448894531e-05,2769.7219690547913,0.0,19.619354671787384,15.710791304046758,3.9085633677406264,12.899895053450104,3003.2956631180778,9.207553218268503,0.0,0.0,53.228225202225424,-53.228225202225424,6.518243712,68.93901650627218,2.74273079229745,2.546380761503013,12.06265568032011,0.0034238383452708412
44,0.0,100.0,13.426592535125419,1.4955803260520213,17.148056413074052,1.1608321527246197,1.0962125941596845,4.384850376638738e-05,2831.7375211763656,0.0,19.85196296214507,15.960163981909687,3.8917989802353823,13.164410542543743,3062.117557359618,9.459495037677843,0.0,0.0,52.63206167038653,-52.63206167038652,6.518243712,68.59222565229621,2.7309668275107626,2.5335714467842676,12.330379940965734,0.003406615067600146
45,0.0,100.0,13.686455822871002,1.4885778359555515,17.061794823789892,1.155853177534543,1.0906982059230426,4.36279282369217e-05,2893.3480970735577,0.0,20.08238888850472,16.207282390917996,3.8751064975867244,13.426592535125419,3120.541350676701,9.711939719796128,0.0,0.0,52.039896904241566,-52.03989690424157,6.518243712,68.24717929515957,2.719253320052184,2.5208265680469926,12.59575761694796,0.003389478429911777
46,0.0,100.0,13.944015113752704,1.4815613692546916,16.975967164836177,1.1508955578814284,1.0852115572670133,4.340846229068054e-05,2954.5564473426734,0.0,20.310646526289553,16.452160914905107,3.8584856113844452,13.686455822871002,3178.5697429384977,9.964888268311048,0.0,0.0,51.45170774443959,-51.45170774443959,6.518243712,67.9038686593447,2.7075900535030155,2.508145801152402,12.85880355648569,0.0033724279963719354
47,0.0,100.0,14.199285032488431,1.4745308980528695,16.89057125336961,1.1459592021683214,1.0797525086504003,4.3190100346016013e-05,3015.3653079106793,0.0,20.536749870621822,16.694813856080692,3.8419360145411297,13.944015113752704,3236.205419496308,10.218341688913611,0.0,0.0,50.86747115739775,-50.86747115739775,6.518243712,67.56228501347844,2.6959768123728076,2.49552882359226,13.11953252383803,0.00335546333333924
48,0.0,100.0,12.73023982595192,1.534361951643557,16.80560491752748,1.1368743305315763,1.1232793378451986,4.493117351380794e-05,3075.777400115699,0.0,19.0942165770912,15.282738449238053,3.811478127853146,14.199285032488431,3293.4510512631973,10.472300989302122,0.0,0.0,51.939681220871854,-51.93968122087186,6.700754535936001,67.22241967010991,2.6746037973215704,2.5524986232861337,11.60696048810672,0.0028670588431417322
49,0.0,100.0,12.955208754963214,1.527000135924948,16.73280516711109,1.1327064480437912,1.1184134341276994,4.473653736510798e-05,3137.4530917560423,0.0,19.294155187519365,15.496650277738816,3.7975049097805496,12.73023982595192,3351.980978550528,10.726132145548718,0.0,0.0,51.43457039070554,-51.43457039070554,6.700754535936001,66.93122066844435,2.6647984617367584,2.541441522775601,11.836795320835515,0.002854639107628842
50,0.0,100.0,13.178547295806897,1.5196236027100434,16.660320775986243,1.1285538453841855,1.1135686088883583,4.454274435553433e-05,3198.8140853806285,0.0,19.49256253479906,15.708979616029907,3.7835829187691523,12.955208754963214,3410.2004323479723,10.980470752571684,0.0,0.0,50.93230348791506,-50.93230348791505,6.700754535936001,66.64128310394496,2.6550290733849646,2.5304323202230083,12.06497868691854,0.00284227317283601
51,0.0,100.0,13.400264046706262,1.5122323225761145,16.588150378056454,1.124416466535549,1.1087447708178795,4.4349790832715176e-05,3259.8622541721734,0.0,19.68944682186272,15.919734854846737,3.769711967015983,13.178547295806897,3468.111247601899,11.235317824849677,0.0,0.0,50.432866657379066,-50.432866657379066,6.700754535936001,66.3526015122258,2.6452955004804317,2.5194708081404724,12.291519275888382,0.002829960805705336
52,0.0,100.0,13.620367565042788,1.504826266041614,16.516292613143005,1.1202942556860356,1.1039418290025074,4.415767316010029e-05,3320.599463246019,0.0,19.88481621238829,16.128924344981712,3.7558918674065787,13.400264046706262,3525.7152512606694,11.490674378889462,0.0,0.0,49.93624610759029,-49.93624610759029,6.700754535936001,66.065170452572,2.635597611720543,2.508556779938923,12.516425736040281,0.0028177017741884973
53,0.0,100.0,13.838866367541536,1.497405403566055,16.444746126959284,1.11618715722841,1.0991596929223133,4.396638771689253e-05,3381.0275696888298,0.0,20.0786788309782,16.336556397465742,3.7421224335124563,13.620367565042788,3583.014262312856,11.74654143322998,0.0,0.0,49.44242811037141,-49.44242811037141,6.700754535936001,65.77898450783715,2.625935276284045,2.4976900299242044,12.739706674619223,0.002805495847242375
54,0.0,100.0,14.05576893045561,1.4899697055498937,16.373509571085307,1.1120951157592995,1.09439827244949,4.37759308979796e-05,3441.1484225971326,0.0,20.271042763337405,16.542639283748812,3.728403479588593,13.838866367541536,3640.01009182531,12.002920008446393,0.0,0.0,48.95139900059241,-48.95139900059242,6.700754535936001,65.49403828434123,2.6163083638292948,2.486870353293205,12.96137065800612,0.0027933427948246994
55,0.0,100.0,14.271083689749894,1.4825191423344126,16.30258160294224,1.108018076078443,1.0896574778466515,4.358629911386606e-05,3500.9638631156845,0.0,20.461916056450814,16.747181235879886,3.7147348205709285,14.05576893045561,3696.7045429810587,12.259811127154165,0.0,0.0,48.46314517588907,-48.463145175889075,6.700754535936001,65.21032641176896,2.606716744492485,2.4760975461299926,13.181426211903242,0.0027812423878897157
56,0.0,100.0,14.484819041283904,1.4750536842016015,16.23196088576715,1.1039559831879495,1.0849372197651437,4.3397488790605746e-05,3560.4757244756834,0.0,20.651306718759734,16.95019044668588,3.701116272073854,14.271083689749894,3753.09941111704,12.517215814013138,0.0,0.0,47.977653096382724,-47.977653096382724,6.700754535936001,64.9278435430686,2.5971602888859047,2.465371405401973,13.399881821518761,0.0027691943983838645
57,0.0,100.0,14.696983340993897,1.4675733013740389,16.16164608858779,1.0999087822915556,1.080237409243359,4.320949636973436e-05,3619.6858320328147,0.0,20.839222720337705,17.15167506994996,3.687547650387746,14.484819041283904,3809.1964837616824,12.775135095731622,0.0,0.0,47.4949092844012,-47.4949092844012,6.700754535936001,64.64658435435116,2.587638868096188,2.454691728956065,13.616745931750538,0.002757198599241488
58,0.0,100.0,14.907584905074089,1.4600779640147727,16.091635886197512,1.0958764187938854,1.0755579577050605,4.302231830820242e-05,3678.596003305136,0.0,21.02567199306544,17.351643220588976,3.674028772476465,14.696983340993897,3864.9975406723174,13.033570001070487,0.0,0.0,47.01490032420107,-47.01490032420107,6.700754535936001,64.36654354479005,2.5781523536825794,2.4440583155148863,13.832026947369028,0.002745254764380545
59,0.0,100.0,15.11663201015715,1.4525676422272025,16.021928959130292,1.091858838299714,1.0708987769577119,4.2835951078308474e-05,3737.208048010801,0.0,21.21066243080502,17.55010297483011,3.6605594559749086,14.907584905074089,3920.5043538724385,13.29252156084726,0.0,0.0,46.53761286169106,-46.53761286169106,6.700754535936001,64.08771583652117,2.5687006176751956,2.4334709646729644,14.045733233199439,0.0027333626686983554
60,0.0,100.0,14.344299249446482,1.5158645767429284,15.952523993635872,1.083314007979263,1.1185177223590725,4.4740708894362904e-05,3795.5237681056255,0.0,20.4669828602887,16.83507075169245,3.63191210859625,15.11663201015715,3975.7186876887954,13.551990807940259,0.0,0.0,46.975025222851045,-46.975025222851045,6.8883756629422095,63.81009597454349,2.54859810061699,2.4907715022459613,13.22578152708741,0.0024990177653571727
61,0.0,100.0,14.53919503304342,1.5079746603032875,15.888930031779582,1.0796416449965076,1.114058805801438,4.456235223205752e-05,3854.4597883020583,0.0,20.63963736198138,17.020037195708397,3.6196001662729813,14.344299249446482,4031.572404080632,13.811320681007931,0.0,0.0,46.535682931409944,-46.53568293140994,6.8883756629422095,63.555720127118335,2.5399585212764766,2.4808421626649797,13.425136227241982,0.0024890555524489386
62,0.0,100.0,14.732811821839961,1.5000689420481514,15.82558958416256,1.0759817310818696,1.1096176644980267,4.4384706579921065e-05,3913.1385556514524,0.0,20.81109418837533,17.203764227753787,3.6073299606215414,14.53919503304342,4087.171623245368,14.071169936357796,0.0,0.0,46.09859410889644,-46.09859410889644,6.8883756629422095,63.30235833665023,2.5313482295396716,2.470952405913827,13.623194157341935,0.0024791330534184547
63,0.0,100.0,14.925155714398693,1.492147390329862,15.762501640162599,1.072334224033828,1.1051942275886508,4.420776910354603e-05,3971.5615298563753,0.0,20.981359138753525,17.38625778859617,3.595101350157357,14.732811821839961,4142.517771596721,14.331539614201509,0.0,0.0,45.66374877205423,-45.66374877205423,6.8883756629422095,63.050006560650395,2.52276712612353,2.4611020741974743,13.819961486810042,0.002469250109948277
64,0.0,100.0,15.116232782979095,1.4842099734373781,15.699665193186306,1.068699081793926,1.100788424495604,4.4031536979824164e-05,4029.7301651488488,0.0,21.15043798720453,17.56752379332903,3.5829141938754994,14.925155714398693,4197.612270116165,14.592430756834036,0.0,0.0,45.231136979416185,-45.231136979416185,6.8883756629422095,62.798660772745215,2.514215112081573,2.4512910103499364,14.01544435848349,0.0024594065643520862
65,0.0,100.0,15.306049073646372,1.4762566595961493,15.637079240653007,1.0650762624462786,1.0964001849225344,4.385600739690138e-05,4087.64591031524,0.0,21.31833648272715,17.747568131478133,3.5707683512490185,15.116232782979095,4252.456534377461,14.853844408637842,0.0,0.0,44.800748831133895,-44.800748831133895,6.8883756629422095,62.54831696261203,2.5056920888027405,2.4415190578317616,14.209648888723837,0.0024496022595721714
66,0.0,100.0,15.494610606379837,1.4682874169679856,15.574742783978781,1.0614657242170953,1.092029438853323,4.368117755413291e-05,4145.310208721058,0.0,21.485060349334724,17.92639666710737,3.5586636822273547,15.306049073646372,4307.05197457109,15.115781616087066,0.0,0.0,44.372574468807755,-44.372574468807755,6.8883756629422095,62.298971135915124,2.4971979580102603,2.4317860607275357,14.402581167526513,0.002439837039176925
67,0.0,100.0,15.681923375180855,1.4603022136509332,15.512654828560503,1.0578674254741949,1.0876761165509656,4.350704466203862e-05,4202.724498335658,0.0,21.650615286158956,18.104015238924248,3.5466000472347083,15.494610606379837,4361.399995528601,15.378243427751716,0.0,0.0,43.94660407531778,-43.94660407531777,6.8883756629422095,62.05061931424202,2.488732621760511,2.4220918637433932,14.594247258629888,0.0024301107473583467
68,0.0,100.0,15.867993348180335,1.4523010176791455,15.450814383759994,1.0542813247265264,1.083340148556463,4.333360594225852e-05,4259.890211756848,0.0,21.815006967553295,18.280429660384875,3.5345773071684192,15.681923375180855,4415.501996746851,15.641230894301854,0.0,0.0,43.5228278746551,-43.52282787465511,6.8883756629422095,61.80325753503998,2.4802959824418913,2.4124363122045414,14.784653199623872,0.002420423228929557
69,0.0,100.0,16.052826467745795,1.444283797022754,15.3892204628882,1.050707380623692,1.0790214656877102,4.316085862750841e-05,4316.808776235415,0.0,21.978241043195975,18.455645719798582,3.5225953233973932,15.867993348180335,4469.359372412177,15.904745068511815,0.0,0.0,43.10123613175422,-43.10123613175422,6.8883756629422095,61.5568818515528,2.471887942773701,2.40281925205279,14.973805002058086,0.0024107743293223204
70,0.0,100.0,16.23642865058801,1.436250519587743,15.327872083189453,1.0471455519554669,1.0747199990383927,4.298879996153571e-05,4373.481613699546,0.0,22.14032313819258,18.629669180432103,3.5106539577604785,16.052826467745795,4522.973511424453,16.16878700526441,0.0,0.0,42.68181915232571,-42.68181915232571,6.8883756629422095,61.31148833275781,2.463508405805012,2.393240529844093,15.161708651549617,0.0024011638945845818
71,0.0,100.0,16.418805787867196,1.4282011532158179,15.2667682658258,1.0435957976513281,1.0704356799768886,4.281742719907554e-05,4429.910140779163,0.0,22.301258853178183,18.802505780613302,3.498753072564881,16.23642865058801,4576.345797421069,16.43335776155516,0.0,0.0,42.264567282689896,-42.264567282689896,6.8883756629422095,61.0670730633032,2.4551572749135535,2.383699992746105,15.348370107890307,0.002391591771378008
72,0.0,100.0,15.695338743558178,1.4946999571982695,15.205908035861373,1.03529326383397,1.1221476654367895,4.4885906617471575e-05,4486.09576883017,0.0,21.606931808776242,18.136013761772915,3.4709180470033267,16.418805787867196,4629.477608800818,16.69845839649652,0.0,0.0,42.68761838167257,-42.68761838167258,7.081250181504592,60.823632143445494,2.4356247831693567,2.4406750182147374,14.573191078121388,0.002223522311714602
73,0.0,100.0,15.86717029521781,1.4862157960978284,15.149197830403072,1.0319840657767334,1.1179626325856507,4.471850530342603e-05,4542.880660430232,0.0,21.7585665018904,18.298742852638135,3.4598236492522645,15.695338743558178,4683.227099428543,16.963408969257916,0.0,0.0,42.29804846897415,-42.29804846897415,7.081250181504592,60.59679132161229,2.4278395834755297,2.431572557420323,14.74920766263216,0.0022152297186750366
74,0.0,100.0,16.03796244199027,1.477714608526202,15.09269912480361,1.0286854451975551,1.1137932077516246,4.455172831006499e-05,4599.451530424964,0.0,21.9092311995982,18.46046648610689,3.448764713491311,15.86717029521781,4736.764248736237,17.228891259090613,0.0,0.0,41.91033001310755,-41.910330013107554,7.081250181504592,60.37079649921444,2.420079268293756,2.422504044116621,14.924169234238645,0.0022069680527365657
75,0.0,100.0,16.207719749878297,1.4691963603137506,15.036411130277443,1.0253973682867203,1.109639332724846,4.438557330899384e-05,4655.809569824386,0.0,22.058930227945492,18.62118910157527,3.4377411263702236,16.03796244199027,4790.090217391963,17.49490633307305,0.0,0.0,41.524455419534505,-41.524455419534505,7.081250181504592,60.14564452110977,2.4123437580835008,2.4134693516969756,15.09808041715345,0.0021987371985570303
76,0.0,100.0,16.37644676666278,1.4606610172222618,14.980333060980794,1.0221198013425836,1.1055009495125427,4.4220037980501706e-05,4711.955965727735,0.0,22.207667895590742,18.780915120689684,3.4267527749010576,16.207719749878297,4843.206162172257,17.76145526042514,0.0,0.0,41.14041712323348,-41.14041712323349,7.081250181504592,59.921332243923175,2.4046329735584737,2.4044683540269083,15.270945817150237,0.002190537041224439
77,0.0,100.0,16.544148021972774,1.4521085449448135,14.924464134000669,1.0188527107712224,1.101378000338225,4.4055120013529e-05,4767.8919013408995,0.0,22.355448493872164,18.93964894741513,3.415799546457034,16.37644676666278,4896.113235979255,18.028539112512558,0.0,0.0,40.75820758858755,-40.75820758858755,7.081250181504592,59.69785653600268,2.396946835685811,2.3955009254423563,15.44277002163455,0.002182367466255362
78,0.0,100.0,16.71082802735527,1.4435389091056317,14.86880356934395,1.0155960630860938,1.0972704276408807,4.389081710563523e-05,4823.6185559937985,0.0,22.502276296874555,19.09739496810319,3.404881328771367,16.544148021972774,4948.812587857772,18.296158962851056,0.0,0.0,40.37781930927261,-40.37781930927261,7.081250181504592,59.4752142773758,2.389285265685273,2.3865669407479206,15.61355759971439,0.002174228359593335
79,0.0,100.0,16.87649127634467,1.4349520752599578,14.813350589926475,1.0123498249076908,1.0931781740741697,4.372712696296679e-05,4879.1371051577,0.0,22.648155561495905,19.254157551559786,3.3939980099361193,16.71082802735527,5001.305363012315,18.56431588711078,0.0,0.0,39.999244808146116,-39.99924480814611,7.081250181504592,59.253402359705895,2.381648185028427,2.3776662752151148,15.7833131022705,0.0021661196076072638
80,0.0,100.0,17.04114224453203,1.4263480088939064,14.75810442156222,1.0091139629631998,1.0891011825056247,4.356404730022499e-05,4934.4487204624775,0.0,22.7930905275137,19.409941049112653,3.383149478401048,16.87649127634467,5053.592702824041,18.833010963120582,0.0,0.0,39.62247663713622,-39.62247663713622,7.081250181504592,59.03241768624887,2.3740355154378507,2.3687988045806265,15.952041062026403,0.0021580410970898412
81,0.0,100.0,17.204785389634026,1.4177266754243278,14.703064292952467,1.0058884440861606,1.085039396015853,4.340157584063412e-05,4989.5545697138205,0.0,22.9370854176511,19.56474979467861,3.3723356229724892,17.04114224453203,5105.675744867657,19.102245270872366,0.0,0.0,39.24750737713127,-39.24750737713126,7.081250181504592,58.81225717180987,2.3664471788863275,2.3599644050445825,16.11974599361817,0.002149992715255965
82,0.0,100.0,17.36742515156166,1.4090880401986692,14.648229435675054,1.0026732352161258,1.0809927578977419,4.323971031590967e-05,5044.4558169103775,0.0,23.08014443764264,19.718588104830474,3.3615563328121674,17.204785389634026,5157.55562292827,19.37201989252541,0.0,0.0,38.874329637869735,-38.874329637869735,7.081250181504592,58.59291774270021,2.3588830975960438,2.351162953268817,16.286432393663915,0.002141974349741162
83,0.0,100.0,17.52906595248872,1.4004320684948355,14.593599084173626,0.999468303398321,1.0769612116556666,4.307844846622666e-05,5099.153622260846,0.0,23.222271776299987,19.87146027886387,3.3508114974361156,17.36742515156166,5209.233467018167,19.642335912410747,0.0,0.0,38.50293605783063,-38.50293605783063,7.081250181504592,58.3743963366945,2.3513431940377947,2.3423943263751537,16.45210474083305,0.0021339858886000214
84,0.0,100.0,17.04144031923117,1.4697953742501175,14.53917247574697,0.9913984590133478,1.1331052785550055,4.532421114220022e-05,5153.649142201002,0.0,22.764197741512756,19.440441156429287,3.323756585083469,17.52906595248872,5260.710403393548,19.913194417035484,0.0,0.0,38.7162487465586,-38.71624874655859,7.27952518658672,58.15668990298788,2.332358126070122,2.3990008371981117,15.908335040676164,0.0020252101118851773
85,0.0,100.0,17.19625500584822,1.4606411238409225,14.487409117671284,0.9883396980303191,1.1290711195016527,4.516284478006611e-05,5208.528273405704,0.0,22.90021655706551,19.58671475588563,3.3135018011798785,17.04144031923117,5312.588693865042,20.183892899350454,0.0,0.0,38.362921714799505,-38.36292171479951,7.27952518658672,57.94963647068514,2.325162103149557,2.3904597500374156,16.067183886346566,0.002017999820076969
86,0.0,100.0,17.350183212314544,1.4514684603363537,14.435830051049857,0.9852903742404459,1.1250513231377832,4.500205292551133e-05,5263.223806420402,0.0,23.03541094010901,19.732132283755007,3.303278656354003,17.19625500584822,5364.284331784116,20.455135871574438,0.0,0.0,38.01118792044442,-38.01118792044443,7.27952518658672,57.743320204199435,2.317988282113556,2.3819490714404656,16.22513188917676,0.0020108151988437067
87,0.0,100.0,17.503228616463,1.442277346699836,14.38443461975563,0.9822504585271623,1.1210458383283661,4.4841833533134645e-05,5317.73676793442,0.0,23.169784362597433,19.876697309607614,3.2930870529898186,17.350183212314544,5415.798315046122,20.726924428908482,0.0,0.0,37.66104116941491,-37.6610411694149,7.27952518658672,57.537738479022515,2.3108365944626574,2.373468693144611,16.382182778134634,0.0020036561567912513
88,0.0,100.0,17.655394882220552,1.4330677458202985,14.33322216999752,0.9792199218637354,1.117054614120424,4.468218456481696e-05,5372.068181619615,0.0,23.30334028326567,20.020413389493193,3.2829268937724763,17.503228616463,5467.131638537243,20.999259668756547,0.0,0.0,37.31247529049688,-37.312475290496884,7.27952518658672,57.33288867999008,2.3037069719087433,2.3650185072726426,16.53834026810013,0.0019965226028508505
89,0.0,100.0,17.806685659659053,1.4238396205120236,14.28219205031213,0.9761987353129902,1.1130775997423865,4.452310398969546e-05,5426.219068143924,0.0,23.43608214767785,20.163284065990474,3.2727980816873767,17.655394882220552,5518.285294147748,21.27214269072994,0.0,0.0,36.96548413525803,-36.96548413525804,7.27952518658672,57.12876820124851,2.296599346374387,2.356598406331424,16.693608059916667,0.001989414446277981
90,0.0,100.0,17.95710458504584,1.4145929335144982,14.231343611555436,0.9731868700270296,1.1091147446034437,4.436458978413775e-05,5480.190445184865,0.0,23.568013388275592,20.305312868256365,3.2627005200192265,17.806685659659053,5569.260270785228,21.54557459665176,0.0,0.0,36.62006157796538,-36.62006157796538,7.27952518658672,56.925374446221745,2.289513649992198,2.348208283210524,16.847989840442395,0.001982331596651194
91,0.0,100.0,18.106655280894145,1.4053276474922605,14.180676206894551,0.9701842972469623,1.1051659982929025,4.42066399317161e-05,5533.983327442998,0.0,23.699137424426137,20.446503312074995,3.252634112351142,17.95710458504584,5620.057554387776,21.819556490561332,0.0,0.0,36.27620151550321,-36.27620151550321,7.27952518658672,56.722704827578205,2.282449815104179,2.3398480311808516,17.00148928260124,0.0019752739638709675
92,0.0,100.0,18.255341356013314,1.3960437250347535,14.130189191799484,0.9671909883026261,1.1012313105795448,4.4049252423181795e-05,5587.598726655348,0.0,23.82945766247032,20.586858899906616,3.242598762563702,18.106655280894145,5670.678127937134,22.09408947871869,0.0,0.0,35.93389786729132,-35.933897867291314,7.27952518658672,56.52075676719793,2.2754077742610765,2.331517543893302,17.154110045433768,0.0019682414581585557
93,0.0,100.0,18.40316640555885,1.3867411286561704,14.07988192403494,0.9642069146123149,1.0973106314109904,4.389242525643961e-05,5641.037651608784,0.0,23.958977495770302,20.726383120936248,3.232594374834054,18.255341356013314,5721.122971471797,22.36917466960901,0.0,0.0,35.59314457520351,-35.59314457520351,7.27952518658672,56.31952769613976,2.2683874602217386,2.3232167153774004,17.305855774147858,0.0019612339900548503
94,0.0,100.0,18.550134011082264,1.3774198207953048,14.029753763652156,0.9612320476825059,1.093403910913057,4.373615643652229e-05,5694.301108153356,0.0,24.0877003047572,20.86507945112222,3.2226208536349787,18.40316640555885,5771.393062100075,22.644813173947107,0.0,0.0,35.253935603486404,-35.253935603486404,7.27952518658672,56.119015054608624,2.261388805952473,2.314945440039956,17.456730100169207,0.001954251470419241
95,0.0,100.0,18.696247740580805,1.368079763815398,13.979804072980762,0.9582663591075873,1.0895110993891306,4.358044397556522e-05,5747.390099215604,0.0,24.21562945697852,21.002951353244526,3.2126781037339924,18.550134011082264,5821.489374013124,22.921006104681926,0.0,0.0,34.91626493867853,-34.91626493867852,7.27952518658672,55.91921629192305,2.254411744626406,2.3067036126637177,17.606736641191674,0.0019472938104284822
96,0.0,100.0,18.464941133686214,1.4398109535935142,13.93003221662066,0.9504071572930931,1.1504239275857429,4.6016957103429715e-05,5800.305624811812,0.0,24.0141194040996,20.82779001368762,3.1863293904119807,18.696247740580805,5871.412878497922,23.197754577001017,0.0,0.0,34.89233885279502,-34.89233885279503,7.483351891811148,55.720128866482646,2.2359222331188895,2.3628488800014047,17.314517206100472,0.0018921289427767946
97,0.0,100.0,18.606431001237343,1.4298996139308506,13.881578569123656,0.9475019678235507,1.1464223406121787,4.585689362448715e-05,5853.361866184089,0.0,24.13765051494541,20.961061045493075,3.1765894694523347,18.464941133686214,5921.494215877114,23.474334200742483,0.0,0.0,34.56525323100155,-34.56525323100155,7.483351891811148,55.526314276494624,2.229087501628784,2.354630044255736,17.460008660625164,0.0018855474397776273
98,0.0,100.0,18.7471265567154,1.4199682874072934,13.833293460788603,0.9446056588909334,1.1424346725931172,4.569738690372469e-05,5906.255158138854,0.0,24.26044567461158,21.09356635328355,3.1668793213280324,18.606431001237343,5971.413113747078,23.75147156527923,0.0,0.0,34.23960748987086,-34.23960748987086,7.483351891811148,55.33317384315441,2.222273662437101,2.3464397965681467,17.604691884122282,0.0018789888296060829
99,0.0,100.0,18.887031006837006,1.4100169337180375,13.785176305375856,0.9417182033493567,1.138460875113443,4.5538435004537725e-05,5958.986437807163,0.0,24.38250789936608,21.22530904433613,3.15719885502995,18.7471265567154,6021.17048096061,24.029167795331837,0.0,0.0,33.9153961771673,-33.915396177167295,7.483351891811148,55.140705221503424,2.2154806516805934,2.338278037499118,17.748570131723564,0.0018724530326326978
100,0.0,100.0,19.026147546512785,1.4000455124770017,13.737226518684926,0.9388395741359163,1.1345008999264465,4.538003599705786e-05,6011.556639767981,0.0,24.503840194294956,21.356292214467807,3.1475479798271486,18.887031006837006,6070.76722382168,24.30742401788896,0.0,0.0,33.5926138602719,-33.592613860271896,7.483351891811148,54.9489060747397,2.2087084056912336,2.3301446679550195,17.891646646586338,0.0018659399695049876
101,0.0,100.0,19.164479358889405,1.3900539832166627,13.689443518547373,0.9359697442704327,1.1305546989532367,4.522218795812947e-05,6063.966696059918,0.0,24.624445553342355,21.48651894807631,3.1379266052660455,19.026147546512785,6120.204246096903,24.586241362211886,0.0,0.0,33.27125512611318,-33.27125512611318,7.483351891811148,54.75777407418949,2.2019568609956113,2.322039589186902,18.03392465993617,0.001859449561146485
102,0.0,100.0,19.30202961539143,1.3800423053878923,13.64182672481976,0.933108686855199,1.1266222242821586,4.506488897128635e-05,6116.217536192926,0.0,24.74432695935027,21.61599231818073,3.128334641169541,19.164479358889405,6169.482449026966,24.86562095983915,0.0,0.0,32.951314581098295,-32.9513145810983,7.483351891811148,54.56730689927903,2.195225954314341,2.3139627027893024,18.17540739110927,0.0018529817287557778
103,0.0,100.0,19.438801475763064,1.370010438359792,13.594375559376582,0.9302563750747287,1.122703428168211,4.4908137126728434e-05,6168.31008715997,0.0,24.86348738409831,21.74471538646211,3.1187719976361983,19.30202961539143,6218.602731338026,25.145563944591093,0.0,0.0,32.632786851044216,-32.632786851044216,7.483351891811148,54.37750223750633,2.1885156225614697,2.3059139106990445,18.316098047594853,0.001846536393805554
104,0.0,100.0,19.574798088109745,1.3599583414195286,13.547089446103271,0.927412782195505,1.1187982630324662,4.475193052129865e-05,6220.245273448664,0.0,24.981929788343187,21.872691203303802,3.1092385850393853,19.438801475763064,6267.565989253086,25.42607145257449,0.0,0.0,32.31566658110929,-32.315666581109284,7.483351891811148,54.188357784413085,2.1818258028438833,2.297893115194053,18.455999825077278,0.0018401134780416481
105,0.0,100.0,19.71002258893955,1.349885973772169,13.499967810889197,0.9245778815657295,1.1149066814614947,4.459626725845979e-05,6272.0240170528705,0.0,25.09965712185816,21.999922807831716,3.0997343140264455,19.574798088109745,6316.373116503316,25.707144622187144,0.0,0.0,31.999948435725067,-31.999948435725067,7.483351891811148,53.99987124355678,2.175156432460719,2.2899002188921647,18.595115907478057,0.0018337129034820903
106,0.0,100.0,19.84447810320452,1.3397932945405135,13.45301008162068,0.921751646615072,1.111028636206787,4.444114544827148e-05,6323.647237484273,0.0,25.216672323472313,22.126413227954465,3.0902590955178475,19.71002258893955,6365.025004339365,25.988784594122514,0.0,0.0,31.685627098528254,-31.685627098528258,7.483351891811148,53.81204032648272,2.168507448902777,2.281935124749946,18.733449466997733,0.00182733459241616
107,0.0,100.0,19.978167744341775,1.3296802627649327,13.40621568817407,0.9189340508544234,1.1071640801841804,4.428656320736722e-05,6375.115851783916,0.0,25.33297832110965,22.252165480403292,3.0808128407063577,19.84447810320452,6413.522541542625,26.270992511374335,0.0,0.0,31.37269727229298,-31.37269727229299,7.483351891811148,53.62486275269628,2.1618787898519347,2.273997736061516,18.871003664157595,0.0018209784674034432
108,0.0,100.0,20.180836102152284,1.4030755319274744,13.3595840624088,0.9112693628735725,1.1731538308738159,4.692615323495264e-05,6426.430774533707,0.0,25.565490774698127,22.51037452139046,3.0551162533076663,19.978167744341775,6461.866614436471,26.553769519241268,0.0,0.0,30.92796172824474,-30.92796172824474,7.69288574478186,53.4383362496352,2.1438468904340953,2.329538419238177,19.00768227127847,0.0018146349639412511
109,0.0,100.0,20.3121211308527,1.3923073568626467,13.313045034479394,0.9084343569847385,1.1690670689921976,4.67626827596879e-05,6477.4593113151295,0.0,25.6791560725386,22.633544443134767,3.045611629403833,20.180836102152284,6509.940830226637,26.836370515377286,0.0,0.0,30.618635694782803,-30.618635694782803,7.69288574478186,53.25218013791757,2.1371772724190956,2.3214233122820698,19.1430540618605,0.0018083135585087145
110,0.0,100.0,20.44265283548162,1.3815174048727978,13.266668128447682,0.9056081709451352,1.1649945436260623,4.659978174504249e-05,6528.336401676708,0.0,25.79212588521374,22.755989310339594,3.0361365748741456,20.3121211308527,6557.86393754687,27.119543027175595,0.0,0.0,30.31068320345113,-30.310683203451134,7.69288574478186,53.06667251379073,2.1305284039290084,2.313336474857972,19.27765829185556,0.001802014174125831
111,0.0,100.0,20.572434274879765,1.3707056319175523,13.220452779550909,0.902790777315759,1.160936205181531,4.6437448207261246e-05,6579.0629520111925,0.0,25.904403081093548,22.87771208336679,3.0266909977267566,20.44265283548162,6605.636814180474,27.40328821043592,0.0,0.0,30.004099034836848,-30.004099034836845,7.69288574478186,52.881811118203636,2.123900220410997,2.3052778084870282,19.411498069698233,0.001795736734080762
112,0.0,100.0,20.701468496594085,1.3598719938674717,13.174398424993708,0.899982148742968,1.1568920042374893,4.6275680169499573e-05,6629.639866297105,0.0,26.01599051788354,22.998715711627526,3.0172748062560153,20.572434274879765,6653.260335499752,27.6876072232954,0.0,0.0,29.6988779883473,-29.698877988347306,7.69288574478186,52.69759369997483,2.1172926575130466,2.297247215033442,19.544576492356597,0.0017894811619289018
113,0.0,100.0,20.82975853691804,1.3490164465038716,13.12850450394125,0.8971822579582213,1.1528618915449833,4.6114475661799336e-05,6680.068046110107,0.0,26.12689104266289,23.11900313362132,3.007887909041571,20.701468496594085,6700.735374477091,27.97250122623333,0.0,0.0,29.395014882143684,-29.395014882143677,7.69288574478186,52.514018015765,2.110705651083349,2.289244596703279,19.676896645373056,0.0017832473814919426
114,0.0,100.0,20.957307420931734,1.3381389455186425,13.082770457512405,0.8943910777778096,1.1488458180266223,4.595383272106489e-05,6730.348390634332,0.0,26.23710749192249,23.23857727697501,2.998530214947479,20.82975853691804,6748.062801696017,28.257971382075883,0.0,0.0,29.09250455307461,-29.09250455307461,7.69288574478186,52.33108183004962,2.104139137169672,2.2812698560432763,19.808461602905112,0.0017770353168569506
115,0.0,100.0,21.084118162541916,1.3272394465140696,13.037195728772955,0.8916085811025947,1.1448437347759794,4.579374939103918e-05,6780.481796673683,0.0,26.346642691602913,23.357441058481573,2.98920163312134,20.957307420931734,6795.243485362221,28.54401885600086,0.0,0.0,28.791341856610238,-28.79134185661024,7.69288574478186,52.148782915091815,2.097593052018744,2.2733228959396574,19.939274427765938,0.0017708448923754393
116,0.0,100.0,21.210193764521836,1.3163179050026494,12.991779762728791,0.8888347409177448,1.140855593056997,4.563422372227988e-05,6830.469158663108,0.0,26.45549945713216,23.475597384138783,2.979902072993376,21.084118162541916,6842.278291314547,28.830644815542463,0.0,0.0,28.491521666776382,-28.491521666776382,7.69288574478186,51.967119050915166,2.0910673320756317,2.2654036196169467,20.06933817146484,0.0017646760326624487
117,0.0,100.0,21.33553721855096,1.3053742764069107,12.946522006319176,0.8860695302924735,1.1368813443033932,4.5475253772135725e-05,6880.311368679835,0.0,26.563680593463356,23.593049149187756,2.9706314442756003,21.210193764521836,6889.16808303596,29.117850430596036,0.0,0.0,28.193038876088945,-28.19303887608894,7.69288574478186,51.7860880252767,2.0845619139831273,2.257511930636795,20.198655874247567,0.0017585286625956278
118,0.0,100.0,21.460151505254547,1.2944085160592311,12.901421908409981,0.8833129223797762,1.1329209401180687,4.531683760472275e-05,6930.009316454586,0.0,26.67118889511225,23.709799238151348,2.961389656960904,21.33553721855096,6935.9137216644785,29.40563687342285,0.0,0.0,27.89588839548857,-27.89588839548857,7.69288574478186,51.60568763363992,2.0780767345811264,2.2496477328967996,20.327230565136478,0.0017524027073143194
119,6023.187525004113,100.0,6480.2253468414565,1.2834205792016544,12.856478919787003,0.8805648904161635,1.1289743322725205,4.515897329090082e-05,6979.563889382745,455.90884750507104,6485.419334393408,6482.467157772086,2.952176621321996,21.460151505254547,6982.516066004067,29.694005318654895,0.5142139978181892,6479.096372509184,-6431.041242092938,6431.041242092938,7.69288574478186,51.42591567914801,2.0716117309060036,2.2418109306293394,0.0,0.0
120,0.0,0.0,0.0,2.5764719144696913,0.0,0.0,0.0,0.0,550.2300978265573,0.0,0.0,0.0,0.0,6480.2253468414565,550.2300978265573,0.0,0.0,0.0,0.0,0.0,7.908286545635753,0.0,0.0,0.0,0.0,0.0
121,0.0,0.0,0.0,2.5764719144696913,0.0,0.0,0.0,0.0,551.9428633441012,0.0,0.0,0.0,0.0,0.0,551.9428633441012,0.0,0.0,0.0,0.0,0.0,7.908286545635753,0.0,0.0,0.0,0.0,0.0
122,0.0,0.0,0.0,2.5764719144696913,0.0,0.0,0.0,0.0,553.6609603870008,0.0,0.0,0.0,0.0,0.0,553.6609603870008,0.0,0.0,0.0,0.0,0.0,7.908286545635753,0.0,0.0,0.0,0.0,0.0
123,0.0,0.0,0.0,2.5764719144696913,0.0,0.0,0.0,0.0,555.3844055513182,0.0,0.0,0.0,0.0,0.0,555.3844055513182,0.0,0.0,0.0,0.0,0.0,7.908286545635753,0.0,0.0,0.0,0.0,0.0
124,0.0,0.0,0.0,2.5764719144696913,0.0,0.0,0.0,0.0,557.1132154847758,0.0,0.0,0.0,0.0,0.0,557.1132154847758,0.0,0.0,0.0,0.0,0.0,7.908286545635753,0.0,0.0,0.0,0.0,0.0
125,0.0,0.0,0.0,2.5764719144696913,0.0,0.0,0.0,0.0,558.8474068869173,0.0,0.0,0.0,0.0,0.0,558.8474068869173,0.0,0.0,0.0,0.0,0.0,7.908286545635753,0.0,0.0,0.0,0.0,0.0
126,0.0,0.0,0.0,2.5764719144696913,0.0,0.0,0.0,0.0,560.586996509269,0.0,0.0,0.0,0.0,0.0,560.586996509269,0.0,0.0,0.0,0.0,0.0,7.908286545635753,0.0,0.0,0.0,0.0,0.0
127,0.0,0.0,0.0,2.5764719144696913,0.0,0.0,0.0,0.0,562.332001155502,0.0,0.0,0.0,0.0,0.0,562.332001155502,0.0,0.0,0.0,0.0,0.0,7.908286545635753,0.0,0.0,0.0,0.0,0.0
128,0.0,0.0,0.0,2.5764719144696913,0.0,0.0,0.0,0.0,564.0824376815937,0.0,0.0,0.0,0.0,0.0,564.0824376815937,0.0,0.0,0.0,0.0,0.0,7.908286545635753,0.0,0.0,0.0,0.0,0.0
129,0.0,0.0,0.0,2.5764719144696913,0.0,0.0,0.0,0.0,565.8383229959911,0.0,0.0,0.0,0.0,0.0,565.8383229959911,0.0,0.0,0.0,0.0,0.0,7.908286545635753,0.0,0.0,0.0,0.0,0.0
130,0.0,0.0,0.0,2.5764719144696913,0.0,0.0,0.0,0.0,567.5996740597744,0.0,0.0,0.0,0.0,0.0,567.5996740597744,0.0,0.0,0.0,0.0,0.0,7.908286545635753,0.0,0.0,0.0,0.0,0.0
131,0.0,0.0,0.0,2.5764719144696913,0.0,0.0,0.0,0.0,569.3665078868203,0.0,0.0,0.0,0.0,0.0,569.3665078868203,0.0,0.0,0.0,0.0,0.0,7.908286545635753,0.0,0.0,0.0,0.0,0.0
132,0.0,0.0,0.0,2.7581209376900677,0.0,0.0,0.0,0.0,571.1388415439666,0.0,0.0,0.0,0.0,0.0,571.1388415439666,0.0,0.0,0.0,0.0,0.0,8.129718568913553,0.0,0.0,0.0,0.0,0.0
133,0.0,0.0,0.0,2.7581209376900677,0.0,0.0,0.0,0.0,572.9166921511771,0.0,0.0,0.0,0.0,0.0,572.9166921511771,0.0,0.0,0.0,0.0,0.0,8.129718568913553,0.0,0.0,0.0,0.0,0.0
134,0.0,0.0,0.0,2.7581209376900677,0.0,0.0,0.0,0.0,574.700076881707,0.0,0.0,0.0,0.0,0.0,574.700076881707,0.0,0.0,0.0,0.0,0.0,8.129718568913553,0.0,0.0,0.0,0.0,0.0
135,0.0,0.0,0.0,2.7581209376900677,0.0,0.0,0.0,0.0,576.4890129622685,0.0,0.0,0.0,0.0,0.0,576.4890129622685,0.0,0.0,0.0,0.0,0.0,8.129718568913553,0.0,0.0,0.0,0.0,0.0
136,0.0,0.0,0.0,2.7581209376900677,0.0,0.0,0.0,0.0,578.2835176731975,0.0,0.0,0.0,0.0,0.0,578.2835176731975,0.0,0.0,0.0,0.0,0.0,8.129718568913553,0.0,0.0,0.0,0.0,0.0
137,0.0,0.0,0.0,2.7581209376900677,0.0,0.0,0.0,0.0,580.0836083486204,0.0,0.0,0.0,0.0,0.0,580.0836083486204,0.0,0.0,0.0,0.0,0.0,8.129718568913553,0.0,0.0,0.0,0.0,0.0
138,0.0,0.0,0.0,2.7581209376900677,0.0,0.0,0.0,0.0,581.8893023766216,0.0,0.0,0.0,0.0,0.0,581.8893023766216,0.0,0.0,0.0,0.0,0.0,8.129718568913553,0.0,0.0,0.0,0.0,0.0
139,0.0,0.0,0.0,2.7581209376900677,0.0,0.0,0.0,0.0,583.7006171994113,0.0,0.0,0.0,0.0,0.0,583.7006171994113,0.0,0.0,0.0,0.0,0.0,8.129718568913553,0.0,0.0,0.0,0.0,0.0
140,0.0,0.0,0.0,2.7581209376900677,0.0,0.0,0.0,0.0,585.5175703134945,0.0,0.0,0.0,0.0,0.0,585.5175703134945,0.0,0.0,0.0,0.0,0.0,8.129718568913553,0.0,0.0,0.0,0.0,0.0
141,0.0,0.0,0.0,2.7581209376900677,0.0,0.0,0.0,0.0,587.340179269839,0.0,0.0,0.0,0.0,0.0,587.340179269839,0.0,0.0,0.0,0.0,0.0,8.129718568913553,0.0,0.0,0.0,0.0,0.0
142,0.0,0.0,0.0,2.7581209376900677,0.0,0.0,0.0,0.0,589.1684616740461,0.0,0.0,0.0,0.0,0.0,589.1684616740461,0.0,0.0,0.0,0.0,0.0,8.129718568913553,0.0,0.0,0.0,0.0,0.0
143,0.0,0.0,0.0,2.7581209376900677,0.0,0.0,0.0,0.0,591.0024351865196,0.0,0.0,0.0,0.0,0.0,591.0024351865196,0.0,0.0,0.0,0.0,0.0,8.129718568913553,0.0,0.0,0.0,0.0,0.0
144,0.0,0.0,0.0,2.96230817391191,0.0,0.0,0.0,0.0,592.8421175226375,0.0,0.0,0.0,0.0,0.0,592.8421175226375,0.0,0.0,0.0,0.0,0.0,8.357350688843134,0.0,0.0,0.0,0.0,0.0
145,0.0,0.0,0.0,2.96230817391191,0.0,0.0,0.0,0.0,594.687526452922,0.0,0.0,0.0,0.0,0.0,594.687526452922,0.0,0.0,0.0,0.0,0.0,8.357350688843134,0.0,0.0,0.0,0.0,0.0
146,0.0,0.0,0.0,2.96230817391191,0.0,0.0,0.0,0.0,596.5386798032121,0.0,0.0,0.0,0.0,0.0,596.5386798032121,0.0,0.0,0.0,0.0,0.0,8.357350688843134,0.0,0.0,0.0,0.0,0.0
147,0.0,0.0,0.0,2.96230817391191,0.0,0.0,0.0,0.0,598.3955954548348,0.0,0.0,0.0,0.0,0.0,598.3955954548348,0.0,0.0,0.0,0.0,0.0,8.357350688843134,0.0,0.0,0.0,0.0,0.0
148,0.0,0.0,0.0,2.96230817391191,0.0,0.0,0.0,0.0,600.2582913447791,0.0,0.0,0.0,0.0,0.0,600.2582913447791,0.0,0.0,0.0,0.0,0.0,8.357350688843134,0.0,0.0,0.0,0.0,0.0
149,0.0,0.0,0.0,2.96230817391191,0.0,0.0,0.0,0.0,602.126785465868,0.0,0.0,0.0,0.0,0.0,602.126785465868,0.0,0.0,0.0,0.0,0.0,8.357350688843134,0.0,0.0,0.0,0.0,0.0
150,0.0,0.0,0.0,2.96230817391191,0.0,0.0,0.0,0.0,604.0010958669333,0.0,0.0,0.0,0.0,0.0,604.0010958669333,0.0,0.0,0.0,0.0,0.0,8.357350688843134,0.0,0.0,0.0,0.0,0.0
151,0.0,0.0,0.0,2.96230817391191,0.0,0.0,0.0,0.0,605.881240652989,0.0,0.0,0.0,0.0,0.0,605.881240652989,0.0,0.0,0.0,0.0,0.0,8.357350688843134,0.0,0.0,0.0,0.0,0.0
152,0.0,0.0,0.0,2.96230817391191,0.0,0.0,0.0,0.0,607.7672379854073,0.0,0.0,0.0,0.0,0.0,607.7672379854073,0.0,0.0,0.0,0.0,0.0,8.357350688843134,0.0,0.0,0.0,0.0,0.0
153,0.0,0.0,0.0,2.96230817391191,0.0,0.0,0.0,0.0,609.6591060820929,0.0,0.0,0.0,0.0,0.0,609.6591060820929,0.0,0.0,0.0,0.0,0.0,8.357350688843134,0.0,0.0,0.0,0.0,0.0
154,0.0,0.0,0.0,2.96230817391191,0.0,0.0,0.0,0.0,611.5568632176597,0.0,0.0,0.0,0.0,0.0,611.5568632176597,0.0,0.0,0.0,0.0,0.0,8.357350688843134,0.0,0.0,0.0,0.0,0.0
155,0.0,0.0,0.0,2.96230817391191,0.0,0.0,0.0,0.0,613.4605277236074,0.0,0.0,0.0,0.0,0.0,613.4605277236074,0.0,0.0,0.0,0.0,0.0,8.357350688843134,0.0,0.0,0.0,0.0,0.0
156,0.0,0.0,0.0,3.1918098669600496,0.0,0.0,0.0,0.0,615.3701179884977,0.0,0.0,0.0,0.0,0.0,615.3701179884977,0.0,0.0,0.0,0.0,0.0,8.591356508130742,0.0,0.0,0.0,0.0,0.0
157,0.0,0.0,0.0,3.1918098669600496,0.0,0.0,0.0,0.0,617.285652458133,0.0,0.0,0.0,0.0,0.0,617.285652458133,0.0,0.0,0.0,0.0,0.0,8.591356508130742,0.0,0.0,0.0,0.0,0.0
158,0.0,0.0,0.0,3.1918098669600496,0.0,0.0,0.0,0.0,619.207149635734,0.0,0.0,0.0,0.0,0.0,619.207149635734,0.0,0.0,0.0,0.0,0.0,8.591356508130742,0.0,0.0,0.0,0.0,0.0
159,0.0,0.0,0.0,3.1918098669600496,0.0,0.0,0.0,0.0,621.1346280821185,0.0,0.0,0.0,0.0,0.0,621.1346280821185,0.0,0.0,0.0,0.0,0.0,8.591356508130742,0.0,0.0,0.0,0.0,0.0
160,0.0,0.0,0.0,3.1918098669600496,0.0,0.0,0.0,0.0,623.0681064158807,0.0,0.0,0.0,0.0,0.0,623.0681064158807,0.0,0.0,0.0,0.0,0.0,8.591356508130742,0.0,0.0,0.0,0.0,0.0
161,0.0,0.0,0.0,3.1918098669600496,0.0,0.0,0.0,0.0,625.007603313571,0.0,0.0,0.0,0.0,0.0,625.007603313571,0.0,0.0,0.0,0.0,0.0,8.591356508130742,0.0,0.0,0.0,0.0,0.0
162,0.0,0.0,0.0,3.1918098669600496,0.0,0.0,0.0,0.0,626.9531375098768,0.0,0.0,0.0,0.0,0.0,626.9531375098768,0.0,0.0,0.0,0.0,0.0,8.591356508130742,0.0,0.0,0.0,0.0,0.0
163,0.0,0.0,0.0,3.1918098669600496,0.0,0.0,0.0,0.0,628.9047277978027,0.0,0.0,0.0,0.0,0.0,628.9047277978027,0.0,0.0,0.0,0.0,0.0,8.591356508130742,0.0,0.0,0.0,0.0,0.0
164,0.0,0.0,0.0,3.1918098669600496,0.0,0.0,0.0,0.0,630.8623930288529,0.0,0.0,0.0,0.0,0.0,630.8623930288529,0.0,0.0,0.0,0.0,0.0,8.591356508130742,0.0,0.0,0.0,0.0,0.0
165,0.0,0.0,0.0,3.1918098669600496,0.0,0.0,0.0,0.0,632.8261521132126,0.0,0.0,0.0,0.0,0.0,632.8261521132126,0.0,0.0,0.0,0.0,0.0,8.591356508130742,0.0,0.0,0.0,0.0,0.0
166,0.0,0.0,0.0,3.1918098669600496,0.0,0.0,0.0,0.0,634.7960240199311,0.0,0.0,0.0,0.0,0.0,634.7960240199311,0.0,0.0,0.0,0.0,0.0,8.591356508130742,0.0,0.0,0.0,0.0,0.0
167,0.0,0.0,0.0,3.1918098669600496,0.0,0.0,0.0,0.0,636.7720277771048,0.0,0.0,0.0,0.0,0.0,636.7720277771048,0.0,0.0,0.0,0.0,0.0,8.591356508130742,0.0,0.0,0.0,0.0,0.0
168,0.0,0.0,0.0,3.449789527038561,0.0,0.0,0.0,0.0,638.754182472061,0.0,0.0,0.0,0.0,0.0,638.754182472061,0.0,0.0,0.0,0.0,0.0,8.831914490358404,0.0,0.0,0.0,0.0,0.0
169,0.0,0.0,0.0,3.449789527038561,0.0,0.0,0.0,0.0,640.7425072515424,0.0,0.0,0.0,0.0,0.0,640.7425072515424,0.0,0.0,0.0,0.0,0.0,8.831914490358404,0.0,0.0,0.0,0.0,0.0
170,0.0,0.0,0.0,3.449789527038561,0.0,0.0,0.0,0.0,642.7370213218923,0.0,0.0,0.0,0.0,0.0,642.7370213218923,0.0,0.0,0.0,0.0,0.0,8.831914490358404,0.0,0.0,0.0,0.0,0.0
171,0.0,0.0,0.0,3.449789527038561,0.0,0.0,0.0,0.0,644.7377439492393,0.0,0.0,0.0,0.0,0.0,644.7377439492393,0.0,0.0,0.0,0.0,0.0,8.831914490358404,0.0,0.0,0.0,0.0,0.0
172,0.0,0.0,0.0,3.449789527038561,0.0,0.0,0.0,0.0,646.7446944596844,0.0,0.0,0.0,0.0,0.0,646.7446944596844,0.0,0.0,0.0,0.0,0.0,8.831914490358404,0.0,0.0,0.0,0.0,0.0
173,0.0,0.0,0.0,3.449789527038561,0.0,0.0,0.0,0.0,648.757892239487,0.0,0.0,0.0,0.0,0.0,648.757892239487,0.0,0.0,0.0,0.0,0.0,8.831914490358404,0.0,0.0,0.0,0.0,0.0
174,0.0,0.0,0.0,3.449789527038561,0.0,0.0,0.0,0.0,650.7773567352523,0.0,0.0,0.0,0.0,0.0,650.7773567352523,0.0,0.0,0.0,0.0,0.0,8.831914490358404,0.0,0.0,0.0,0.0,0.0
175,0.0,0.0,0.0,3.449789527038561,0.0,0.0,0.0,0.0,652.8031074541194,0.0,0.0,0.0,0.0,0.0,652.8031074541194,0.0,0.0,0.0,0.0,0.0,8.831914490358404,0.0,0.0,0.0,0.0,0.0
176,0.0,0.0,0.0,3.449789527038561,0.0,0.0,0.0,0.0,654.8351639639495,0.0,0.0,0.0,0.0,0.0,654.8351639639495,0.0,0.0,0.0,0.0,0.0,8.831914490358404,0.0,0.0,0.0,0.0,0.0
177,0.0,0.0,0.0,3.449789527038561,0.0,0.0,0.0,0.0,656.8735458935149,0.0,0.0,0.0,0.0,0.0,656.8735458935149,0.0,0.0,0.0,0.0,0.0,8.831914490358404,0.0,0.0,0.0,0.0,0.0
178,0.0,0.0,0.0,3.449789527038561,0.0,0.0,0.0,0.0,658.9182729326886,0.0,0.0,0.0,0.0,0.0,658.9182729326886,0.0,0.0,0.0,0.0,0.0,8.831914490358404,0.0,0.0,0.0,0.0,0.0
179,0.0,0.0,0.0,3.449789527038561,0.0,0.0,0.0,0.0,660.9693648326348,0.0,0.0,0.0,0.0,0.0,660.9693648326348,0.0,0.0,0.0,0.0,0.0,8.831914490358404,0.0,0.0,0.0,0.0,0.0
180,0.0,0.0,0.0,3.7397743523487352,0.0,0.0,0.0,0.0,663.0268414059993,0.0,0.0,0.0,0.0,0.0,663.0268414059993,0.0,0.0,0.0,0.0,0.0,9.079208096088438,0.0,0.0,0.0,0.0,0.0
181,0.0,0.0,0.0,3.7397743523487352,0.0,0.0,0.0,0.0,665.0907225271011,0.0,0.0,0.0,0.0,0.0,665.0907225271011,0.0,0.0,0.0,0.0,0.0,9.079208096088438,0.0,0.0,0.0,0.0,0.0
182,0.0,0.0,0.0,3.7397743523487352,0.0,0.0,0.0,0.0,667.1610281321242,0.0,0.0,0.0,0.0,0.0,667.1610281321242,0.0,0.0,0.0,0.0,0.0,9.079208096088438,0.0,0.0,0.0,0.0,0.0
183,0.0,0.0,0.0,3.7397743523487352,0.0,0.0,0.0,0.0,669.2377782193105,0.0,0.0,0.0,0.0,0.0,669.2377782193105,0.0,0.0,0.0,0.0,0.0,9.079208096088438,0.0,0.0,0.0,0.0,0.0
184,0.0,0.0,0.0,3.7397743523487352,0.0,0.0,0.0,0.0,671.3209928491525,0.0,0.0,0.0,0.0,0.0,671.3209928491525,0.0,0.0,0.0,0.0,0.0,9.079208096088438,0.0,0.0,0.0,0.0,0.0
185,0.0,0.0,0.0,3.7397743523487352,0.0,0.0,0.0,0.0,673.4106921445876,0.0,0.0,0.0,0.0,0.0,673.4106921445876,0.0,0.0,0.0,0.0,0.0,9.079208096088438,0.0,0.0,0.0,0.0,0.0
186,0.0,0.0,0.0,3.7397743523487352,0.0,0.0,0.0,0.0,675.5068962911921,0.0,0.0,0.0,0.0,0.0,675.5068962911921,0.0,0.0,0.0,0.0,0.0,9.079208096088438,0.0,0.0,0.0,0.0,0.0
187,0.0,0.0,0.0,3.7397743523487352,0.0,0.0,0.0,0.0,677.6096255373761,0.0,0.0,0.0,0.0,0.0,677.6096255373761,0.0,0.0,0.0,0.0,0.0,9.079208096088438,0.0,0.0,0.0,0.0,0.0
188,0.0,0.0,0.0,3.7397743523487352,0.0,0.0,0.0,0.0,679.7189001945798,0.0,0.0,0.0,0.0,0.0,679.7189001945798,0.0,0.0,0.0,0.0,0.0,9.079208096088438,0.0,0.0,0.0,0.0,0.0
189,0.0,0.0,0.0,3.7397743523487352,0.0,0.0,0.0,0.0,681.8347406374686,0.0,0.0,0.0,0.0,0.0,681.8347406374686,0.0,0.0,0.0,0.0,0.0,9.079208096088438,0.0,0.0,0.0,0.0,0.0
190,0.0,0.0,0.0,3.7397743523487352,0.0,0.0,0.0,0.0,683.957167304131,0.0,0.0,0.0,0.0,0.0,683.957167304131,0.0,0.0,0.0,0.0,0.0,9.079208096088438,0.0,0.0,0.0,0.0,0.0
191,0.0,0.0,0.0,3.7397743523487352,0.0,0.0,0.0,0.0,686.0862006962751,0.0,0.0,0.0,0.0,0.0,686.0862006962751,0.0,0.0,0.0,0.0,0.0,9.079208096088438,0.0,0.0,0.0,0.0,0.0
192,0.0,0.0,0.0,4.065752252026267,0.0,0.0,0.0,0.0,688.2218613794274,0.0,0.0,0.0,0.0,0.0,688.2218613794274,0.0,0.0,0.0,0.0,0.0,9.333425922778915,0.0,0.0,0.0,0.0,0.0
193,0.0,0.0,0.0,4.065752252026267,0.0,0.0,0.0,0.0,690.3641699831311,0.0,0.0,0.0,0.0,0.0,690.3641699831311,0.0,0.0,0.0,0.0,0.0,9.333425922778915,0.0,0.0,0.0,0.0,0.0
194,0.0,0.0,0.0,4.065752252026267,0.0,0.0,0.0,0.0,692.5131472011451,0.0,0.0,0.0,0.0,0.0,692.5131472011451,0.0,0.0,0.0,0.0,0.0,9.333425922778915,0.0,0.0,0.0,0.0,0.0
195,0.0,0.0,0.0,4.065752252026267,0.0,0.0,0.0,0.0,694.6688137916444,0.0,0.0,0.0,0.0,0.0,694.6688137916444,0.0,0.0,0.0,0.0,0.0,9.333425922778915,0.0,0.0,0.0,0.0,0.0
196,0.0,0.0,0.0,4.065752252026267,0.0,0.0,0.0,0.0,696.8311905774204,0.0,0.0,0.0,0.0,0.0,696.8311905774204,0.0,0.0,0.0,0.0,0.0,9.333425922778915,0.0,0.0,0.0,0.0,0.0
197,0.0,0.0,0.0,4.065752252026267,0.0,0.0,0.0,0.0,699.0002984460821,0.0,0.0,0.0,0.0,0.0,699.0002984460821,0.0,0.0,0.0,0.0,0.0,9.333425922778915,0.0,0.0,0.0,0.0,0.0
198,0.0,0.0,0.0,4.065752252026267,0.0,0.0,0.0,0.0,701.1761583502574,0.0,0.0,0.0,0.0,0.0,701.1761583502574,0.0,0.0,0.0,0.0,0.0,9.333425922778915,0.0,0.0,0.0,0.0,0.0
199,0.0,0.0,0.0,4.065752252026267,0.0,0.0,0.0,0.0,703.3587913077965,0.0,0.0,0.0,0.0,0.0,703.3587913077965,0.0,0.0,0.0,0.0,0.0,9.333425922778915,0.0,0.0,0.0,0.0,0.0
200,0.0,0.0,0.0,4.065752252026267,0.0,0.0,0.0,0.0,705.5482184019739,0.0,0.0,0.0,0.0,0.0,705.5482184019739,0.0,0.0,0.0,0.0,0.0,9.333425922778915,0.0,0.0,0.0,0.0,0.0
201,0.0,0.0,0.0,4.065752252026267,0.0,0.0,0.0,0.0,707.7444607816925,0.0,0.0,0.0,0.0,0.0,707.7444607816925,0.0,0.0,0.0,0.0,0.0,9.333425922778915,0.0,0.0,0.0,0.0,0.0
202,0.0,0.0,0.0,4.065752252026267,0.0,0.0,0.0,0.0,709.947539661688,0.0,0.0,0.0,0.0,0.0,709.947539661688,0.0,0.0,0.0,0.0,0.0,9.333425922778915,0.0,0.0,0.0,0.0,0.0
203,0.0,0.0,0.0,4.065752252026267,0.0,0.0,0.0,0.0,712.1574763227336,0.0,0.0,0.0,0.0,0.0,712.1574763227336,0.0,0.0,0.0,0.0,0.0,9.333425922778915,0.0,0.0,0.0,0.0,0.0
204,0.0,0.0,0.0,4.432172658461742,0.0,0.0,0.0,0.0,714.3742921118458,0.0,0.0,0.0,0.0,0.0,714.3742921118458,0.0,0.0,0.0,0.0,0.0,9.594761848616724,0.0,0.0,0.0,0.0,0.0
205,0.0,0.0,0.0,4.432172658461742,0.0,0.0,0.0,0.0,716.5980084424901,0.0,0.0,0.0,0.0,0.0,716.5980084424901,0.0,0.0,0.0,0.0,0.0,9.594761848616724,0.0,0.0,0.0,0.0,0.0
206,0.0,0.0,0.0,4.432172658461742,0.0,0.0,0.0,0.0,718.8286467947887,0.0,0.0,0.0,0.0,0.0,718.8286467947887,0.0,0.0,0.0,0.0,0.0,9.594761848616724,0.0,0.0,0.0,0.0,0.0
207,0.0,0.0,0.0,4.432172658461742,0.0,0.0,0.0,0.0,721.066228715727,0.0,0.0,0.0,0.0,0.0,721.066228715727,0.0,0.0,0.0,0.0,0.0,9.594761848616724,0.0,0.0,0.0,0.0,0.0
208,0.0,0.0,0.0,4.432172658461742,0.0,0.0,0.0,0.0,723.3107758193626,0.0,0.0,0.0,0.0,0.0,723.3107758193626,0.0,0.0,0.0,0.0,0.0,9.594761848616724,0.0,0.0,0.0,0.0,0.0
209,0.0,0.0,0.0,4.432172658461742,0.0,0.0,0.0,0.0,725.5623097870333,0.0,0.0,0.0,0.0,0.0,725.5623097870333,0.0,0.0,0.0,0.0,0.0,9.594761848616724,0.0,0.0,0.0,0.0,0.0
210,0.0,0.0,0.0,4.432172658461742,0.0,0.0,0.0,0.0,727.8208523675673,0.0,0.0,0.0,0.0,0.0,727.8208523675673,0.0,0.0,0.0,0.0,0.0,9.594761848616724,0.0,0.0,0.0,0.0,0.0
211,0.0,0.0,0.0,4.432172658461742,0.0,0.0,0.0,0.0,730.0864253774929,0.0,0.0,0.0,0.0,0.0,730.0864253774929,0.0,0.0,0.0,0.0,0.0,9.594761848616724,0.0,0.0,0.0,0.0,0.0
212,0.0,0.0,0.0,4.432172658461742,0.0,0.0,0.0,0.0,732.359050701249,0.0,0.0,0.0,0.0,0.0,732.359050701249,0.0,0.0,0.0,0.0,0.0,9.594761848616724,0.0,0.0,0.0,0.0,0.0
213,0.0,0.0,0.0,4.432172658461742,0.0,0.0,0.0,0.0,734.638750291397,0.0,0.0,0.0,0.0,0.0,734.638750291397,0.0,0.0,0.0,0.0,0.0,9.594761848616724,0.0,0.0,0.0,0.0,0.0
214,0.0,0.0,0.0,4.432172658461742,0.0,0.0,0.0,0.0,736.9255461688323,0.0,0.0,0.0,0.0,0.0,736.9255461688323,0.0,0.0,0.0,0.0,0.0,9.594761848616724,0.0,0.0,0.0,0.0,0.0
215,0.0,0.0,0.0,4.432172658461742,0.0,0.0,0.0,0.0,739.2194604229977,0.0,0.0,0.0,0.0,0.0,739.2194604229977,0.0,0.0,0.0,0.0,0.0,9.594761848616724,0.0,0.0,0.0,0.0,0.0
216,0.0,0.0,0.0,4.84404394794552,0.0,0.0,0.0,0.0,741.5205152120961,0.0,0.0,0.0,0.0,0.0,741.5205152120961,0.0,0.0,0.0,0.0,0.0,9.863415180377993,0.0,0.0,0.0,0.0,0.0
217,0.0,0.0,0.0,4.84404394794552,0.0,0.0,0.0,0.0,743.828732763305,0.0,0.0,0.0,0.0,0.0,743.828732763305,0.0,0.0,0.0,0.0,0.0,9.863415180377993,0.0,0.0,0.0,0.0,0.0
218,0.0,0.0,0.0,4.84404394794552,0.0,0.0,0.0,0.0,746.1441353729908,0.0,0.0,0.0,0.0,0.0,746.1441353729908,0.0,0.0,0.0,0.0,0.0,9.863415180377993,0.0,0.0,0.0,0.0,0.0
219,0.0,0.0,0.0,4.84404394794552,0.0,0.0,0.0,0.0,748.4667454069248,0.0,0.0,0.0,0.0,0.0,748.4667454069248,0.0,0.0,0.0,0.0,0.0,9.863415180377993,0.0,0.0,0.0,0.0,0.0
220,0.0,0.0,0.0,4.84404394794552,0.0,0.0,0.0,0.0,750.7965853004985,0.0,0.0,0.0,0.0,0.0,750.7965853004985,0.0,0.0,0.0,0.0,0.0,9.863415180377993,0.0,0.0,0.0,0.0,0.0
221,0.0,0.0,0.0,4.84404394794552,0.0,0.0,0.0,0.0,753.1336775589407,0.0,0.0,0.0,0.0,0.0,753.1336775589407,0.0,0.0,0.0,0.0,0.0,9.863415180377993,0.0,0.0,0.0,0.0,0.0
222,0.0,0.0,0.0,4.84404394794552,0.0,0.0,0.0,0.0,755.478044757535,0.0,0.0,0.0,0.0,0.0,755.478044757535,0.0,0.0,0.0,0.0,0.0,9.863415180377993,0.0,0.0,0.0,0.0,0.0
223,0.0,0.0,0.0,4.84404394794552,0.0,0.0,0.0,0.0,757.8297095418378,0.0,0.0,0.0,0.0,0.0,757.8297095418378,0.0,0.0,0.0,0.0,0.0,9.863415180377993,0.0,0.0,0.0,0.0,0.0
224,0.0,0.0,0.0,4.84404394794552,0.0,0.0,0.0,0.0,760.1886946278967,0.0,0.0,0.0,0.0,0.0,760.1886946278967,0.0,0.0,0.0,0.0,0.0,9.863415180377993,0.0,0.0,0.0,0.0,0.0
225,0.0,0.0,0.0,4.84404394794552,0.0,0.0,0.0,0.0,762.5550228024703,0.0,0.0,0.0,0.0,0.0,762.5550228024703,0.0,0.0,0.0,0.0,0.0,9.863415180377993,0.0,0.0,0.0,0.0,0.0
226,0.0,0.0,0.0,4.84404394794552,0.0,0.0,0.0,0.0,764.9287169232482,0.0,0.0,0.0,0.0,0.0,764.9287169232482,0.0,0.0,0.0,0.0,0.0,9.863415180377993,0.0,0.0,0.0,0.0,0.0
227,0.0,0.0,0.0,4.84404394794552,0.0,0.0,0.0,0.0,767.3097999190719,0.0,0.0,0.0,0.0,0.0,767.3097999190719,0.0,0.0,0.0,0.0,0.0,9.863415180377993,0.0,0.0,0.0,0.0,0.0
228,0.0,0.0,0.0,5.307031169017596,0.0,0.0,0.0,0.0,769.6982947901561,0.0,0.0,0.0,0.0,0.0,769.6982947901561,0.0,0.0,0.0,0.0,0.0,10.139590805428577,0.0,0.0,0.0,0.0,0.0
229,0.0,0.0,0.0,5.307031169017596,0.0,0.0,0.0,0.0,772.0942246083109,0.0,0.0,0.0,0.0,0.0,772.0942246083109,0.0,0.0,0.0,0.0,0.0,10.139590805428577,0.0,0.0,0.0,0.0,0.0
230,0.0,0.0,0.0,5.307031169017596,0.0,0.0,0.0,0.0,774.4976125171648,0.0,0.0,0.0,0.0,0.0,774.4976125171648,0.0,0.0,0.0,0.0,0.0,10.139590805428577,0.0,0.0,0.0,0.0,0.0
231,0.0,0.0,0.0,5.307031169017596,0.0,0.0,0.0,0.0,776.9084817323883,0.0,0.0,0.0,0.0,0.0,776.9084817323883,0.0,0.0,0.0,0.0,0.0,10.139590805428577,0.0,0.0,0.0,0.0,0.0
232,0.0,0.0,0.0,5.307031169017596,0.0,0.0,0.0,0.0,779.3268555419178,0.0,0.0,0.0,0.0,0.0,779.3268555419178,0.0,0.0,0.0,0.0,0.0,10.139590805428577,0.0,0.0,0.0,0.0,0.0
233,0.0,0.0,0.0,5.307031169017596,0.0,0.0,0.0,0.0,781.7527573061808,0.0,0.0,0.0,0.0,0.0,781.7527573061808,0.0,0.0,0.0,0.0,0.0,10.139590805428577,0.0,0.0,0.0,0.0,0.0
234,0.0,0.0,0.0,5.307031169017596,0.0,0.0,0.0,0.0,784.1862104583217,0.0,0.0,0.0,0.0,0.0,784.1862104583217,0.0,0.0,0.0,0.0,0.0,10.139590805428577,0.0,0.0,0.0,0.0,0.0
235,0.0,0.0,0.0,5.307031169017596,0.0,0.0,0.0,0.0,786.627238504428,0.0,0.0,0.0,0.0,0.0,786.627238504428,0.0,0.0,0.0,0.0,0.0,10.139590805428577,0.0,0.0,0.0,0.0,0.0
236,0.0,0.0,0.0,5.307031169017596,0.0,0.0,0.0,0.0,789.075865023757,0.0,0.0,0.0,0.0,0.0,789.075865023757,0.0,0.0,0.0,0.0,0.0,10.139590805428577,0.0,0.0,0.0,0.0,0.0
237,0.0,0.0,0.0,5.307031169017596,0.0,0.0,0.0,0.0,791.5321136689644,0.0,0.0,0.0,0.0,0.0,791.5321136689644,0.0,0.0,0.0,0.0,0.0,10.139590805428577,0.0,0.0,0.0,0.0,0.0
238,0.0,0.0,0.0,5.307031169017596,0.0,0.0,0.0,0.0,793.9960081663318,0.0,0.0,0.0,0.0,0.0,793.9960081663318,0.0,0.0,0.0,0.0,0.0,10.139590805428577,0.0,0.0,0.0,0.0,0.0
239,0.0,0.0,0.0,5.307031169017596,0.0,0.0,0.0,0.0,796.4675723159967,0.0,0.0,0.0,0.0,0.0,796.4675723159967,0.0,0.0,0.0,0.0,0.0,10.139590805428577,0.0,0.0,0.0,0.0,0.0
240,0.0,0.0,0.0,5.827481801071733,0.0,0.0,0.0,0.0,798.9468299921821,0.0,0.0,0.0,0.0,0.0,798.9468299921821,0.0,0.0,0.0,0.0,0.0,10.423499347980577,0.0,0.0,0.0,0.0,0.0
241,0.0,0.0,0.0,5.827481801071733,0.0,0.0,0.0,0.0,801.4338051434268,0.0,0.0,0.0,0.0,0.0,801.4338051434268,0.0,0.0,0.0,0.0,0.0,10.423499347980577,0.0,0.0,0.0,0.0,0.0
242,0.0,0.0,0.0,5.827481801071733,0.0,0.0,0.0,0.0,803.9285217928172,0.0,0.0,0.0,0.0,0.0,803.9285217928172,0.0,0.0,0.0,0.0,0.0,10.423499347980577,0.0,0.0,0.0,0.0,0.0
243,0.0,0.0,0.0,5.827481801071733,0.0,0.0,0.0,0.0,806.4310040382192,0.0,0.0,0.0,0.0,0.0,806.4310040382192,0.0,0.0,0.0,0.0,0.0,10.423499347980577,0.0,0.0,0.0,0.0,0.0
244,0.0,0.0,0.0,5.827481801071733,0.0,0.0,0.0,0.0,808.9412760525107,0.0,0.0,0.0,0.0,0.0,808.9412760525107,0.0,0.0,0.0,0.0,0.0,10.423499347980577,0.0,0.0,0.0,0.0,0.0
245,0.0,0.0,0.0,5.827481801071733,0.0,0.0,0.0,0.0,811.4593620838158,0.0,0.0,0.0,0.0,0.0,811.4593620838158,0.0,0.0,0.0,0.0,0.0,10.423499347980577,0.0,0.0,0.0,0.0,0.0
246,0.0,0.0,0.0,5.827481801071733,0.0,0.0,0.0,0.0,813.9852864557381,0.0,0.0,0.0,0.0,0.0,813.9852864557381,0.0,0.0,0.0,0.0,0.0,10.423499347980577,0.0,0.0,0.0,0.0,0.0
247,0.0,0.0,0.0,5.827481801071733,0.0,0.0,0.0,0.0,816.5190735675964,0.0,0.0,0.0,0.0,0.0,816.5190735675964,0.0,0.0,0.0,0.0,0.0,10.423499347980577,0.0,0.0,0.0,0.0,0.0
248,0.0,0.0,0.0,5.827481801071733,0.0,0.0,0.0,0.0,819.0607478946599,0.0,0.0,0.0,0.0,0.0,819.0607478946599,0.0,0.0,0.0,0.0,0.0,10.423499347980577,0.0,0.0,0.0,0.0,0.0
249,0.0,0.0,0.0,5.827481801071733,0.0,0.0,0.0,0.0,821.6103339883852,0.0,0.0,0.0,0.0,0.0,821.6103339883852,0.0,0.0,0.0,0.0,0.0,10.423499347980577,0.0,0.0,0.0,0.0,0.0
250,0.0,0.0,0.0,5.827481801071733,0.0,0.0,0.0,0.0,824.1678564766526,0.0,0.0,0.0,0.0,0.0,824.1678564766526,0.0,0.0,0.0,0.0,0.0,10.423499347980577,0.0,0.0,0.0,0.0,0.0
251,0.0,0.0,0.0,5.827481801071733,0.0,0.0,0.0,0.0,826.7333400640048,0.0,0.0,0.0,0.0,0.0,826.7333400640048,0.0,0.0,0.0,0.0,0.0,10.423499347980577,0.0,0.0,0.0,0.0,0.0
252,0.0,0.0,0.0,6.412548391267759,0.0,0.0,0.0,0.0,829.3068095318852,0.0,0.0,0.0,0.0,0.0,829.3068095318852,0.0,0.0,0.0,0.0,0.0,10.715357329724032,0.0,0.0,0.0,0.0,0.0
253,0.0,0.0,0.0,6.412548391267759,0.0,0.0,0.0,0.0,831.8882897388771,0.0,0.0,0.0,0.0,0.0,831.8882897388771,0.0,0.0,0.0,0.0,0.0,10.715357329724032,0.0,0.0,0.0,0.0,0.0
254,0.0,0.0,0.0,6.412548391267759,0.0,0.0,0.0,0.0,834.4778056209443,0.0,0.0,0.0,0.0,0.0,834.4778056209443,0.0,0.0,0.0,0.0,0.0,10.715357329724032,0.0,0.0,0.0,0.0,0.0
255,0.0,0.0,0.0,6.412548391267759,0.0,0.0,0.0,0.0,837.0753821916716,0.0,0.0,0.0,0.0,0.0,837.0753821916716,0.0,0.0,0.0,0.0,0.0,10.715357329724032,0.0,0.0,0.0,0.0,0.0
256,0.0,0.0,0.0,6.412548391267759,0.0,0.0,0.0,0.0,839.6810445425062,0.0,0.0,0.0,0.0,0.0,839.6810445425062,0.0,0.0,0.0,0.0,0.0,10.715357329724032,0.0,0.0,0.0,0.0,0.0
257,0.0,0.0,0.0,6.412548391267759,0.0,0.0,0.0,0.0,842.2948178430009,0.0,0.0,0.0,0.0,0.0,842.2948178430009,0.0,0.0,0.0,0.0,0.0,10.715357329724032,0.0,0.0,0.0,0.0,0.0
258,0.0,0.0,0.0,6.412548391267759,0.0,0.0,0.0,0.0,844.9167273410563,0.0,0.0,0.0,0.0,0.0,844.9167273410563,0.0,0.0,0.0,0.0,0.0,10.715357329724032,0.0,0.0,0.0,0.0,0.0
259,0.0,0.0,0.0,6.412548391267759,0.0,0.0,0.0,0.0,847.5467983631652,0.0,0.0,0.0,0.0,0.0,847.5467983631652,0.0,0.0,0.0,0.0,0.0,10.715357329724032,0.0,0.0,0.0,0.0,0.0
260,0.0,0.0,0.0,6.412548391267759,0.0,0.0,0.0,0.0,850.1850563146571,0.0,0.0,0.0,0.0,0.0,850.1850563146571,0.0,0.0,0.0,0.0,0.0,10.715357329724032,0.0,0.0,0.0,0.0,0.0
261,0.0,0.0,0.0,6.412548391267759,0.0,0.0,0.0,0.0,852.8315266799439,0.0,0.0,0.0,0.0,0.0,852.8315266799439,0.0,0.0,0.0,0.0,0.0,10.715357329724032,0.0,0.0,0.0,0.0,0.0
262,0.0,0.0,0.0,6.412548391267759,0.0,0.0,0.0,0.0,855.4862350227654,0.0,0.0,0.0,0.0,0.0,855.4862350227654,0.0,0.0,0.0,0.0,0.0,10.715357329724032,0.0,0.0,0.0,0.0,0.0
263,0.0,0.0,0.0,6.412548391267759,0.0,0.0,0.0,0.0,858.149206986437,0.0,0.0,0.0,0.0,0.0,858.149206986437,0.0,0.0,0.0,0.0,0.0,10.715357329724032,0.0,0.0,0.0,0.0,0.0
264,0.0,0.0,0.0,7.070239406527513,0.0,0.0,0.0,0.0,860.8204682940968,0.0,0.0,0.0,0.0,0.0,860.8204682940968,0.0,0.0,0.0,0.0,0.0,11.015387334956307,0.0,0.0,0.0,0.0,0.0
265,0.0,0.0,0.0,7.070239406527513,0.0,0.0,0.0,0.0,863.5000447489546,0.0,0.0,0.0,0.0,0.0,863.5000447489546,0.0,0.0,0.0,0.0,0.0,11.015387334956307,0.0,0.0,0.0,0.0,0.0
266,0.0,0.0,0.0,7.070239406527513,0.0,0.0,0.0,0.0,866.1879622345404,0.0,0.0,0.0,0.0,0.0,866.1879622345404,0.0,0.0,0.0,0.0,0.0,11.015387334956307,0.0,0.0,0.0,0.0,0.0
267,0.0,0.0,0.0,7.070239406527513,0.0,0.0,0.0,0.0,868.8842467149552,0.0,0.0,0.0,0.0,0.0,868.8842467149552,0.0,0.0,0.0,0.0,0.0,11.015387334956307,0.0,0.0,0.0,0.0,0.0
268,0.0,0.0,0.0,7.070239406527513,0.0,0.0,0.0,0.0,871.5889242351216,0.0,0.0,0.0,0.0,0.0,871.5889242351216,0.0,0.0,0.0,0.0,0.0,11.015387334956307,0.0,0.0,0.0,0.0,0.0
269,0.0,0.0,0.0,7.070239406527513,0.0,0.0,0.0,0.0,874.302020921035,0.0,0.0,0.0,0.0,0.0,874.302020921035,0.0,0.0,0.0,0.0,0.0,11.015387334956307,0.0,0.0,0.0,0.0,0.0
270,0.0,0.0,0.0,7.070239406527513,0.0,0.0,0.0,0.0,877.0235629800164,0.0,0.0,0.0,0.0,0.0,877.0235629800164,0.0,0.0,0.0,0.0,0.0,11.015387334956307,0.0,0.0,0.0,0.0,0.0
271,0.0,0.0,0.0,7.070239406527513,0.0,0.0,0.0,0.0,879.7535767009655,0.0,0.0,0.0,0.0,0.0,879.7535767009655,0.0,0.0,0.0,0.0,0.0,11.015387334956307,0.0,0.0,0.0,0.0,0.0
272,0.0,0.0,0.0,7.070239406527513,0.0,0.0,0.0,0.0,882.4920884546142,0.0,0.0,0.0,0.0,0.0,882.4920884546142,0.0,0.0,0.0,0.0,0.0,11.015387334956307,0.0,0.0,0.0,0.0,0.0
273,0.0,0.0,0.0,7.070239406527513,0.0,0.0,0.0,0.0,885.2391246937818,0.0,0.0,0.0,0.0,0.0,885.2391246937818,0.0,0.0,0.0,0.0,0.0,11.015387334956307,0.0,0.0,0.0,0.0,0.0
274,0.0,0.0,0.0,7.070239406527513,0.0,0.0,0.0,0.0,887.9947119536306,0.0,0.0,0.0,0.0,0.0,887.9947119536306,0.0,0.0,0.0,0.0,0.0,11.015387334956307,0.0,0.0,0.0,0.0,0.0
275,0.0,0.0,0.0,7.070239406527513,0.0,0.0,0.0,0.0,890.7588768519217,0.0,0.0,0.0,0.0,0.0,890.7588768519217,0.0,0.0,0.0,0.0,0.0,11.015387334956307,0.0,0.0,0.0,0.0,0.0
276,0.0,0.0,0.0,7.809591404172867,0.0,0.0,0.0,0.0,893.5316460892726,0.0,0.0,0.0,0.0,0.0,893.5316460892726,0.0,0.0,0.0,0.0,0.0,11.323818180335085,0.0,0.0,0.0,0.0,0.0
277,0.0,0.0,0.0,7.809591404172867,0.0,0.0,0.0,0.0,896.3130464494149,0.0,0.0,0.0,0.0,0.0,896.3130464494149,0.0,0.0,0.0,0.0,0.0,11.323818180335085,0.0,0.0,0.0,0.0,0.0
278,0.0,0.0,0.0,7.809591404172867,0.0,0.0,0.0,0.0,899.1031047994529,0.0,0.0,0.0,0.0,0.0,899.1031047994529,0.0,0.0,0.0,0.0,0.0,11.323818180335085,0.0,0.0,0.0,0.0,0.0
279,0.0,0.0,0.0,7.809591404172867,0.0,0.0,0.0,0.0,901.9018480901235,0.0,0.0,0.0,0.0,0.0,901.9018480901235,0.0,0.0,0.0,0.0,0.0,11.323818180335085,0.0,0.0,0.0,0.0,0.0
280,0.0,0.0,0.0,7.809591404172867,0.0,0.0,0.0,0.0,904.7093033560562,0.0,0.0,0.0,0.0,0.0,904.7093033560562,0.0,0.0,0.0,0.0,0.0,11.323818180335085,0.0,0.0,0.0,0.0,0.0
281,0.0,0.0,0.0,7.809591404172867,0.0,0.0,0.0,0.0,907.5254977160344,0.0,0.0,0.0,0.0,0.0,907.5254977160344,0.0,0.0,0.0,0.0,0.0,11.323818180335085,0.0,0.0,0.0,0.0,0.0
282,0.0,0.0,0.0,7.809591404172867,0.0,0.0,0.0,0.0,910.3504583732571,0.0,0.0,0.0,0.0,0.0,910.3504583732571,0.0,0.0,0.0,0.0,0.0,11.323818180335085,0.0,0.0,0.0,0.0,0.0
283,0.0,0.0,0.0,7.809591404172867,0.0,0.0,0.0,0.0,913.1842126156022,0.0,0.0,0.0,0.0,0.0,913.1842126156022,0.0,0.0,0.0,0.0,0.0,11.323818180335085,0.0,0.0,0.0,0.0,0.0
284,0.0,0.0,0.0,7.809591404172867,0.0,0.0,0.0,0.0,916.0267878158895,0.0,0.0,0.0,0.0,0.0,916.0267878158895,0.0,0.0,0.0,0.0,0.0,11.323818180335085,0.0,0.0,0.0,0.0,0.0
285,0.0,0.0,0.0,7.809591404172867,0.0,0.0,0.0,0.0,918.8782114321456,0.0,0.0,0.0,0.0,0.0,918.8782114321456,0.0,0.0,0.0,0.0,0.0,11.323818180335085,0.0,0.0,0.0,0.0,0.0
286,0.0,0.0,0.0,7.809591404172867,0.0,0.0,0.0,0.0,921.7385110078686,0.0,0.0,0.0,0.0,0.0,921.7385110078686,0.0,0.0,0.0,0.0,0.0,11.323818180335085,0.0,0.0,0.0,0.0,0.0
287,0.0,0.0,0.0,7.809591404172867,0.0,0.0,0.0,0.0,924.6077141722948,0.0,0.0,0.0,0.0,0.0,924.6077141722948,0.0,0.0,0.0,0.0,0.0,11.323818180335085,0.0,0.0,0.0,0.0,0.0
288,0.0,0.0,0.0,8.640745618271884,0.0,0.0,0.0,0.0,927.485848640665,0.0,0.0,0.0,0.0,0.0,927.485848640665,0.0,0.0,0.0,0.0,0.0,11.640885089384465,0.0,0.0,0.0,0.0,0.0
289,0.0,0.0,0.0,8.640745618271884,0.0,0.0,0.0,0.0,930.3729422144927,0.0,0.0,0.0,0.0,0.0,930.3729422144927,0.0,0.0,0.0,0.0,0.0,11.640885089384465,0.0,0.0,0.0,0.0,0.0
290,0.0,0.0,0.0,8.640745618271884,0.0,0.0,0.0,0.0,933.2690227818322,0.0,0.0,0.0,0.0,0.0,933.2690227818322,0.0,0.0,0.0,0.0,0.0,11.640885089384465,0.0,0.0,0.0,0.0,0.0
291,0.0,0.0,0.0,8.640745618271884,0.0,0.0,0.0,0.0,936.1741183175483,0.0,0.0,0.0,0.0,0.0,936.1741183175483,0.0,0.0,0.0,0.0,0.0,11.640885089384465,0.0,0.0,0.0,0.0,0.0
292,0.0,0.0,0.0,8.640745618271884,0.0,0.0,0.0,0.0,939.0882568835864,0.0,0.0,0.0,0.0,0.0,939.0882568835864,0.0,0.0,0.0,0.0,0.0,11.640885089384465,0.0,0.0,0.0,0.0,0.0
293,0.0,0.0,0.0,8.640745618271884,0.0,0.0,0.0,0.0,942.0114666292437,0.0,0.0,0.0,0.0,0.0,942.0114666292437,0.0,0.0,0.0,0.0,0.0,11.640885089384465,0.0,0.0,0.0,0.0,0.0
294,0.0,0.0,0.0,8.640745618271884,0.0,0.0,0.0,0.0,944.9437757914409,0.0,0.0,0.0,0.0,0.0,944.9437757914409,0.0,0.0,0.0,0.0,0.0,11.640885089384465,0.0,0.0,0.0,0.0,0.0
295,0.0,0.0,0.0,8.640745618271884,0.0,0.0,0.0,0.0,947.8852126949951,0.0,0.0,0.0,0.0,0.0,947.8852126949951,0.0,0.0,0.0,0.0,0.0,11.640885089384465,0.0,0.0,0.0,0.0,0.0
296,0.0,0.0,0.0,8.640745618271884,0.0,0.0,0.0,0.0,950.8358057528933,0.0,0.0,0.0,0.0,0.0,950.8358057528933,0.0,0.0,0.0,0.0,0.0,11.640885089384465,0.0,0.0,0.0,0.0,0.0
297,0.0,0.0,0.0,8.640745618271884,0.0,0.0,0.0,0.0,953.7955834665671,0.0,0.0,0.0,0.0,0.0,953.7955834665671,0.0,0.0,0.0,0.0,0.0,11.640885089384465,0.0,0.0,0.0,0.0,0.0
298,0.0,0.0,0.0,8.640745618271884,0.0,0.0,0.0,0.0,956.7645744261677,0.0,0.0,0.0,0.0,0.0,956.7645744261677,0.0,0.0,0.0,0.0,0.0,11.640885089384465,0.0,0.0,0.0,0.0,0.0
299,0.0,0.0,0.0,8.640745618271884,0.0,0.0,0.0,0.0,959.7428073108421,0.0,0.0,0.0,0.0,0.0,959.7428073108421,0.0,0.0,0.0,0.0,0.0,11.640885089384465,0.0,0.0,0.0,0.0,0.0
300,0.0,0.0,0.0,9.5751222028706,0.0,0.0,0.0,0.0,962.7303108890104,0.0,0.0,0.0,0.0,0.0,962.7303108890104,0.0,0.0,0.0,0.0,0.0,11.966829871887231,0.0,0.0,0.0,0.0,0.0
301,0.0,0.0,0.0,9.5751222028706,0.0,0.0,0.0,0.0,965.7271140186435,0.0,0.0,0.0,0.0,0.0,965.7271140186435,0.0,0.0,0.0,0.0,0.0,11.966829871887231,0.0,0.0,0.0,0.0,0.0
302,0.0,0.0,0.0,9.5751222028706,0.0,0.0,0.0,0.0,968.7332456475419,0.0,0.0,0.0,0.0,0.0,968.7332456475419,0.0,0.0,0.0,0.0,0.0,11.966829871887231,0.0,0.0,0.0,0.0,0.0
303,0.0,0.0,0.0,9.5751222028706,0.0,0.0,0.0,0.0,971.7487348136152,0.0,0.0,0.0,0.0,0.0,971.7487348136152,0.0,0.0,0.0,0.0,0.0,11.966829871887231,0.0,0.0,0.0,0.0,0.0
304,0.0,0.0,0.0,9.5751222028706,0.0,0.0,0.0,0.0,974.7736106451629,0.0,0.0,0.0,0.0,0.0,974.7736106451629,0.0,0.0,0.0,0.0,0.0,11.966829871887231,0.0,0.0,0.0,0.0,0.0
305,0.0,0.0,0.0,9.5751222028706,0.0,0.0,0.0,0.0,977.8079023611551,0.0,0.0,0.0,0.0,0.0,977.8079023611551,0.0,0.0,0.0,0.0,0.0,11.966829871887231,0.0,0.0,0.0,0.0,0.0
306,0.0,0.0,0.0,9.5751222028706,0.0,0.0,0.0,0.0,980.8516392715159,0.0,0.0,0.0,0.0,0.0,980.8516392715159,0.0,0.0,0.0,0.0,0.0,11.966829871887231,0.0,0.0,0.0,0.0,0.0
307,0.0,0.0,0.0,9.5751222028706,0.0,0.0,0.0,0.0,983.9048507774052,0.0,0.0,0.0,0.0,0.0,983.9048507774052,0.0,0.0,0.0,0.0,0.0,11.966829871887231,0.0,0.0,0.0,0.0,0.0
308,0.0,0.0,0.0,9.5751222028706,0.0,0.0,0.0,0.0,986.9675663715035,0.0,0.0,0.0,0.0,0.0,986.9675663715035,0.0,0.0,0.0,0.0,0.0,11.966829871887231,0.0,0.0,0.0,0.0,0.0
309,0.0,0.0,0.0,9.5751222028706,0.0,0.0,0.0,0.0,990.0398156382969,0.0,0.0,0.0,0.0,0.0,990.0398156382969,0.0,0.0,0.0,0.0,0.0,11.966829871887231,0.0,0.0,0.0,0.0,0.0
310,0.0,0.0,0.0,9.5751222028706,0.0,0.0,0.0,0.0,993.1216282543622,0.0,0.0,0.0,0.0,0.0,993.1216282543622,0.0,0.0,0.0,0.0,0.0,11.966829871887231,0.0,0.0,0.0,0.0,0.0
311,0.0,0.0,0.0,9.5751222028706,0.0,0.0,0.0,0.0,996.2130339886543,0.0,0.0,0.0,0.0,0.0,996.2130339886543,0.0,0.0,0.0,0.0,0.0,11.966829871887231,0.0,0.0,0.0,0.0,0.0
312,0.0,0.0,0.0,10.625595975454484,0.0,0.0,0.0,0.0,999.314062702793,0.0,0.0,0.0,0.0,0.0,999.314062702793,0.0,0.0,0.0,0.0,0.0,12.301901108300074,0.0,0.0,0.0,0.0,0.0
313,0.0,0.0,0.0,10.625595975454484,0.0,0.0,0.0,0.0,1002.4247443513522,0.0,0.0,0.0,0.0,0.0,1002.4247443513522,0.0,0.0,0.0,0.0,0.0,12.301901108300074,0.0,0.0,0.0,0.0,0.0
314,0.0,0.0,0.0,10.625595975454484,0.0,0.0,0.0,0.0,1005.5451089821487,0.0,0.0,0.0,0.0,0.0,1005.5451089821487,0.0,0.0,0.0,0.0,0.0,12.301901108300074,0.0,0.0,0.0,0.0,0.0
315,0.0,0.0,0.0,10.625595975454484,0.0,0.0,0.0,0.0,1008.6751867365329,0.0,0.0,0.0,0.0,0.0,1008.6751867365329,0.0,0.0,0.0,0.0,0.0,12.301901108300074,0.0,0.0,0.0,0.0,0.0
316,0.0,0.0,0.0,10.625595975454484,0.0,0.0,0.0,0.0,1011.8150078496793,0.0,0.0,0.0,0.0,0.0,1011.8150078496793,0.0,0.0,0.0,0.0,0.0,12.301901108300074,0.0,0.0,0.0,0.0,0.0
317,0.0,0.0,0.0,10.625595975454484,0.0,0.0,0.0,0.0,1014.9646026508793,0.0,0.0,0.0,0.0,0.0,1014.9646026508793,0.0,0.0,0.0,0.0,0.0,12.301901108300074,0.0,0.0,0.0,0.0,0.0
318,0.0,0.0,0.0,10.625595975454484,0.0,0.0,0.0,0.0,1018.1240015638338,0.0,0.0,0.0,0.0,0.0,1018.1240015638338,0.0,0.0,0.0,0.0,0.0,12.301901108300074,0.0,0.0,0.0,0.0,0.0
319,0.0,0.0,0.0,10.625595975454484,0.0,0.0,0.0,0.0,1021.2932351069468,0.0,0.0,0.0,0.0,0.0,1021.2932351069468,0.0,0.0,0.0,0.0,0.0,12.301901108300074,0.0,0.0,0.0,0.0,0.0
320,0.0,0.0,0.0,10.625595975454484,0.0,0.0,0.0,0.0,1024.472333893621,0.0,0.0,0.0,0.0,0.0,1024.472333893621,0.0,0.0,0.0,0.0,0.0,12.301901108300074,0.0,0.0,0.0,0.0,0.0
321,0.0,0.0,0.0,10.625595975454484,0.0,0.0,0.0,0.0,1027.6613286325526,0.0,0.0,0.0,0.0,0.0,1027.6613286325526,0.0,0.0,0.0,0.0,0.0,12.301901108300074,0.0,0.0,0.0,0.0,0.0
322,0.0,0.0,0.0,10.625595975454484,0.0,0.0,0.0,0.0,1030.8602501280284,0.0,0.0,0.0,0.0,0.0,1030.8602501280284,0.0,0.0,0.0,0.0,0.0,12.301901108300074,0.0,0.0,0.0,0.0,0.0
323,0.0,0.0,0.0,10.625595975454484,0.0,0.0,0.0,0.0,1034.0691292802235,0.0,0.0,0.0,0.0,0.0,1034.0691292802235,0.0,0.0,0.0,0.0,0.0,12.301901108300074,0.0,0.0,0.0,0.0,0.0
324,0.0,0.0,0.0,11.806577319392332,0.0,0.0,0.0,0.0,1037.2879970854995,0.0,0.0,0.0,0.0,0.0,1037.2879970854995,0.0,0.0,0.0,0.0,0.0,12.646354339332476,0.0,0.0,0.0,0.0,0.0
325,0.0,0.0,0.0,11.806577319392332,0.0,0.0,0.0,0.0,1040.516884636704,0.0,0.0,0.0,0.0,0.0,1040.516884636704,0.0,0.0,0.0,0.0,0.0,12.646354339332476,0.0,0.0,0.0,0.0,0.0
326,0.0,0.0,0.0,11.806577319392332,0.0,0.0,0.0,0.0,1043.7558231234707,0.0,0.0,0.0,0.0,0.0,1043.7558231234707,0.0,0.0,0.0,0.0,0.0,12.646354339332476,0.0,0.0,0.0,0.0,0.0
327,0.0,0.0,0.0,11.806577319392332,0.0,0.0,0.0,0.0,1047.0048438325214,0.0,0.0,0.0,0.0,0.0,1047.0048438325214,0.0,0.0,0.0,0.0,0.0,12.646354339332476,0.0,0.0,0.0,0.0,0.0
328,0.0,0.0,0.0,11.806577319392332,0.0,0.0,0.0,0.0,1050.2639781479675,0.0,0.0,0.0,0.0,0.0,1050.2639781479675,0.0,0.0,0.0,0.0,0.0,12.646354339332476,0.0,0.0,0.0,0.0,0.0
329,0.0,0.0,0.0,11.806577319392332,0.0,0.0,0.0,0.0,1053.5332575516131,0.0,0.0,0.0,0.0,0.0,1053.5332575516131,0.0,0.0,0.0,0.0,0.0,12.646354339332476,0.0,0.0,0.0,0.0,0.0
330,0.0,0.0,0.0,11.806577319392332,0.0,0.0,0.0,0.0,1056.81271362326,0.0,0.0,0.0,0.0,0.0,1056.81271362326,0.0,0.0,0.0,0.0,0.0,12.646354339332476,0.0,0.0,0.0,0.0,0.0
331,0.0,0.0,0.0,11.806577319392332,0.0,0.0,0.0,0.0,1060.1023780410112,0.0,0.0,0.0,0.0,0.0,1060.1023780410112,0.0,0.0,0.0,0.0,0.0,12.646354339332476,0.0,0.0,0.0,0.0,0.0
332,0.0,0.0,0.0,11.806577319392332,0.0,0.0,0.0,0.0,1063.402282581579,0.0,0.0,0.0,0.0,0.0,1063.402282581579,0.0,0.0,0.0,0.0,0.0,12.646354339332476,0.0,0.0,0.0,0.0,0.0
333,0.0,0.0,0.0,11.806577319392332,0.0,0.0,0.0,0.0,1066.7124591205898,0.0,0.0,0.0,0.0,0.0,1066.7124591205898,0.0,0.0,0.0,0.0,0.0,12.646354339332476,0.0,0.0,0.0,0.0,0.0
334,0.0,0.0,0.0,11.806577319392332,0.0,0.0,0.0,0.0,1070.0329396328937,0.0,0.0,0.0,0.0,0.0,1070.0329396328937,0.0,0.0,0.0,0.0,0.0,12.646354339332476,0.0,0.0,0.0,0.0,0.0
335,0.0,0.0,0.0,11.806577319392332,0.0,0.0,0.0,0.0,1073.3637561928722,0.0,0.0,0.0,0.0,0.0,1073.3637561928722,0.0,0.0,0.0,0.0,0.0,12.646354339332476,0.0,0.0,0.0,0.0,0.0
336,0.0,0.0,0.0,13.134336979208351,0.0,0.0,0.0,0.0,1076.7049409747488,0.0,0.0,0.0,0.0,0.0,1076.7049409747488,0.0,0.0,0.0,0.0,0.0,13.000452260833788,0.0,0.0,0.0,0.0,0.0
337,0.0,0.0,0.0,13.134336979208351,0.0,0.0,0.0,0.0,1080.056526252899,0.0,0.0,0.0,0.0,0.0,1080.056526252899,0.0,0.0,0.0,0.0,0.0,13.000452260833788,0.0,0.0,0.0,0.0,0.0
338,0.0,0.0,0.0,13.134336979208351,0.0,0.0,0.0,0.0,1083.418544402163,0.0,0.0,0.0,0.0,0.0,1083.418544402163,0.0,0.0,0.0,0.0,0.0,13.000452260833788,0.0,0.0,0.0,0.0,0.0
339,0.0,0.0,0.0,13.134336979208351,0.0,0.0,0.0,0.0,1086.7910278981576,0.0,0.0,0.0,0.0,0.0,1086.7910278981576,0.0,0.0,0.0,0.0,0.0,13.000452260833788,0.0,0.0,0.0,0.0,0.0
340,0.0,0.0,0.0,13.134336979208351,0.0,0.0,0.0,0.0,1090.1740093175906,0.0,0.0,0.0,0.0,0.0,1090.1740093175906,0.0,0.0,0.0,0.0,0.0,13.000452260833788,0.0,0.0,0.0,0.0,0.0
341,0.0,0.0,0.0,13.134336979208351,0.0,0.0,0.0,0.0,1093.5675213385748,0.0,0.0,0.0,0.0,0.0,1093.5675213385748,0.0,0.0,0.0,0.0,0.0,13.000452260833788,0.0,0.0,0.0,0.0,0.0
342,0.0,0.0,0.0,13.134336979208351,0.0,0.0,0.0,0.0,1096.971596740944,0.0,0.0,0.0,0.0,0.0,1096.971596740944,0.0,0.0,0.0,0.0,0.0,13.000452260833788,0.0,0.0,0.0,0.0,0.0
343,0.0,0.0,0.0,13.134336979208351,0.0,0.0,0.0,0.0,1100.38626840657,0.0,0.0,0.0,0.0,0.0,1100.38626840657,0.0,0.0,0.0,0.0,0.0,13.000452260833788,0.0,0.0,0.0,0.0,0.0
344,0.0,0.0,0.0,13.134336979208351,0.0,0.0,0.0,0.0,1103.8115693196794,0.0,0.0,0.0,0.0,0.0,1103.8115693196794,0.0,0.0,0.0,0.0,0.0,13.000452260833788,0.0,0.0,0.0,0.0,0.0
345,0.0,0.0,0.0,13.134336979208351,0.0,0.0,0.0,0.0,1107.2475325671728,0.0,0.0,0.0,0.0,0.0,1107.2475325671728,0.0,0.0,0.0,0.0,0.0,13.000452260833788,0.0,0.0,0.0,0.0,0.0
346,0.0,0.0,0.0,13.134336979208351,0.0,0.0,0.0,0.0,1110.6941913389442,0.0,0.0,0.0,0.0,0.0,1110.6941913389442,0.0,0.0,0.0,0.0,0.0,13.000452260833788,0.0,0.0,0.0,0.0,0.0
347,0.0,0.0,0.0,13.134336979208351,0.0,0.0,0.0,0.0,1114.1515789282018,0.0,0.0,0.0,0.0,0.0,1114.1515789282018,0.0,0.0,0.0,0.0,0.0,13.000452260833788,0.0,0.0,0.0,0.0,0.0
348,0.0,0.0,0.0,14.627164700023455,0.0,0.0,0.0,0.0,1117.6197287317896,0.0,0.0,0.0,0.0,0.0,1117.6197287317896,0.0,0.0,0.0,0.0,0.0,13.364464924137131,0.0,0.0,0.0,0.0,0.0
349,0.0,0.0,0.0,14.627164700023455,0.0,0.0,0.0,0.0,1121.0986742505095,0.0,0.0,0.0,0.0,0.0,1121.0986742505095,0.0,0.0,0.0,0.0,0.0,13.364464924137131,0.0,0.0,0.0,0.0,0.0
350,0.0,0.0,0.0,14.627164700023455,0.0,0.0,0.0,0.0,1124.5884490894455,0.0,0.0,0.0,0.0,0.0,1124.5884490894455,0.0,0.0,0.0,0.0,0.0,13.364464924137131,0.0,0.0,0.0,0.0,0.0
351,0.0,0.0,0.0,14.627164700023455,0.0,0.0,0.0,0.0,1128.089086958288,0.0,0.0,0.0,0.0,0.0,1128.089086958288,0.0,0.0,0.0,0.0,0.0,13.364464924137131,0.0,0.0,0.0,0.0,0.0
352,0.0,0.0,0.0,14.627164700023455,0.0,0.0,0.0,0.0,1131.6006216716594,0.0,0.0,0.0,0.0,0.0,1131.6006216716594,0.0,0.0,0.0,0.0,0.0,13.364464924137131,0.0,0.0,0.0,0.0,0.0
353,0.0,0.0,0.0,14.627164700023455,0.0,0.0,0.0,0.0,1135.1230871494408,0.0,0.0,0.0,0.0,0.0,1135.1230871494408,0.0,0.0,0.0,0.0,0.0,13.364464924137131,0.0,0.0,0.0,0.0,0.0
354,0.0,0.0,0.0,14.627164700023455,0.0,0.0,0.0,0.0,1138.6565174171,0.0,0.0,0.0,0.0,0.0,1138.6565174171,0.0,0.0,0.0,0.0,0.0,13.364464924137131,0.0,0.0,0.0,0.0,0.0
355,0.0,0.0,0.0,14.627164700023455,0.0,0.0,0.0,0.0,1142.2009466060197,0.0,0.0,0.0,0.0,0.0,1142.2009466060197,0.0,0.0,0.0,0.0,0.0,13.364464924137131,0.0,0.0,0.0,0.0,0.0
356,0.0,0.0,0.0,14.627164700023455,0.0,0.0,0.0,0.0,1145.756408953827,0.0,0.0,0.0,0.0,0.0,1145.756408953827,0.0,0.0,0.0,0.0,0.0,13.364464924137131,0.0,0.0,0.0,0.0,0.0
357,0.0,0.0,0.0,14.627164700023455,0.0,0.0,0.0,0.0,1149.3229388047253,0.0,0.0,0.0,0.0,0.0,1149.3229388047253,0.0,0.0,0.0,0.0,0.0,13.364464924137131,0.0,0.0,0.0,0.0,0.0
358,0.0,0.0,0.0,14.627164700023455,0.0,0.0,0.0,0.0,1152.900570609824,0.0,0.0,0.0,0.0,0.0,1152.900570609824,0.0,0.0,0.0,0.0,0.0,13.364464924137131,0.0,0.0,0.0,0.0,0.0
359,0.0,0.0,0.0,14.627164700023455,0.0,0.0,0.0,0.0,1156.4893389274735,0.0,0.0,0.0,0.0,0.0,1156.4893389274735,0.0,0.0,0.0,0.0,0.0,13.364464924137131,0.0,0.0,0.0,0.0,0.0
360,0.0,0.0,0.0,16.30565240307053,0.0,0.0,0.0,0.0,1160.0892784235975,0.0,0.0,0.0,0.0,0.0,1160.0892784235975,0.0,0.0,0.0,0.0,0.0,13.738669942012972,0.0,0.0,0.0,0.0,0.0
