mp_key,mp_row,solved_value,residual,iterations,converged
TA00001,0,104.20212025944335,-3.410605131648481e-13,3,true
TA00002,1,102.4457153566969,0.0,3,true
TA00003,2,191.8867662012179,0.0,3,true
TA00004,3,444.7233611061923,9.094947017729282e-13,3,true
TA00005,4,708.5743218748063,0.0,3,true
TA00006,5,142.630490883863,0.0,3,true
TA00007,6,348.9417557026691,4.547473508864641e-13,3,true
TA00008,7,266.9205952252221,0.0,3,true
TA00009,8,206.8029625725266,0.0,3,true
TA00010,9,640.5362011230704,1.8189894035458565e-12,3,true
TA00011,10,119.22735530329187,0.0,3,true
TA00012,11,158.40323116801517,4.547473508864641e-13,3,true
TA00013,12,520.6796846942833,9.094947017729282e-13,3,true
TA00014,13,446.2417625176877,0.0,3,true
TA00015,14,1357.608674043608,-1.8189894035458565e-12,3,true
TA00016,15,250.70448266597006,-4.547473508864641e-13,3,true
TA00017,16,117.83646145932101,2.2737367544323206e-13,3,true
TA00018,17,185.43575432755082,4.547473508864641e-13,3,true
TA00019,18,817.0554692908215,-2.7284841053187847e-12,3,true
TA00020,19,781.0756214390931,-1.8189894035458565e-12,3,true
TA00021,20,186.65544992548365,4.547473508864641e-13,3,true
TA00022,21,356.01585372937285,9.094947017729282e-13,3,true
TA00023,22,508.8015557617982,-9.094947017729282e-13,3,true
TA00024,23,828.80128133821,-1.8189894035458565e-12,3,true
TA00025,24,959.4666835720767,0.0,3,true
