age,sex,smoker,qx
18,F,false,0.00017432
18,F,true,0.00036607
18,M,false,0.00024211
18,M,true,0.00050843
19,F,false,0.0001763
19,F,true,0.00037022
19,M,false,0.00024485
19,M,true,0.00051419
20,F,false,0.00017852
20,F,true,0.00037488
20,M,false,0.00024794
20,M,true,0.00052067
21,F,false,0.00018101
21,F,true,0.00038013
21,M,false,0.00025141
21,M,true,0.00052795
22,F,false,0.00018382
22,F,true,0.00038602
22,M,false,0.0002553
22,M,true,0.00053614
23,F,false,0.00018697
23,F,true,0.00039264
23,M,false,0.00025968
23,M,true,0.00054534
24,F,false,0.00019052
24,F,true,0.00040009
24,M,false,0.00026461
24,M,true,0.00055568
25,F,false,0.0001945
25,F,true,0.00040846
25,M,false,0.00027014
25,M,true,0.0005673
26,F,false,0.00019898
26,F,true,0.00041786
26,M,false,0.00027636
26,M,true,0.00058036
27,F,false,0.00020402
27,F,true,0.00042843
27,M,false,0.00028335
27,M,true,0.00059504
28,F,false,0.00020967
28,F,true,0.00044031
28,M,false,0.00029121
28,M,true,0.00061155
29,F,false,0.00021603
29,F,true,0.00045367
29,M,false,0.00030005
29,M,true,0.0006301
30,F,false,0.00022318
30,F,true,0.00046868
30,M,false,0.00030997
30,M,true,0.00065095
31,F,false,0.00023122
31,F,true,0.00048555
31,M,false,0.00032113
31,M,true,0.00067438
32,F,false,0.00024025
32,F,true,0.00050452
32,M,false,0.00033368
32,M,true,0.00070072
33,F,false,0.0002504
33,F,true,0.00052584
33,M,false,0.00034778
33,M,true,0.00073033
34,F,false,0.00026181
34,F,true,0.0005498
34,M,false,0.00036362
34,M,true,0.0007636
35,F,false,0.00027463
35,F,true,0.00057672
35,M,false,0.00038143
35,M,true,0.00080101
36,F,false,0.00028904
36,F,true,0.00060699
36,M,false,0.00040145
36,M,true,0.00084305
37,F,false,0.00030524
37,F,true,0.00064101
37,M,false,0.00042395
37,M,true,0.0008903
38,F,false,0.00032345
38,F,true,0.00067925
38,M,false,0.00044924
38,M,true,0.00094341
39,F,false,0.00034392
39,F,true,0.00072223
39,M,false,0.00047767
39,M,true,0.0010031
40,F,false,0.00036692
40,F,true,0.00077054
40,M,false,0.00050962
40,M,true,0.00107019
41,F,false,0.00039278
41,F,true,0.00082483
41,M,false,0.00054552
41,M,true,0.0011456
42,F,false,0.00042184
42,F,true,0.00088586
42,M,false,0.00058589
42,M,true,0.00123036
43,F,false,0.0004545
43,F,true,0.00095445
43,M,false,0.00063125
43,M,true,0.00132562
44,F,false,0.00049121
44,F,true,0.00103154
44,M,false,0.00068223
44,M,true,0.00143269
45,F,false,0.00053247
45,F,true,0.00111818
45,M,false,0.00073954
45,M,true,0.00155303
46,F,false,0.00057884
46,F,true,0.00121557
46,M,false,0.00080395
46,M,true,0.00168829
47,F,false,0.00063096
47,F,true,0.00132502
47,M,false,0.00087634
47,M,true,0.00184031
48,F,false,0.00068954
48,F,true,0.00144803
48,M,false,0.00095769
48,M,true,0.00201116
49,F,false,0.00075538
49,F,true,0.00158629
49,M,false,0.00104913
49,M,true,0.00220318
50,F,false,0.00082937
50,F,true,0.00174168
50,M,false,0.0011519
50,M,true,0.00241899
51,F,false,0.00091253
51,F,true,0.00191631
51,M,false,0.0012674
51,M,true,0.00266154
52,F,false,0.00100599
52,F,true,0.00211257
52,M,false,0.0013972
52,M,true,0.00293413
53,F,false,0.00111102
53,F,true,0.00233314
53,M,false,0.00154308
53,M,true,0.00324048
54,F,false,0.00122906
54,F,true,0.00258102
54,M,false,0.00170703
54,M,true,0.00358476
55,F,false,0.00136171
55,F,true,0.0028596
55,M,false,0.00189127
55,M,true,0.00397166
56,F,false,0.00151078
56,F,true,0.00317265
56,M,false,0.00209831
56,M,true,0.00440646
57,F,false,0.00167831
57,F,true,0.00352444
57,M,false,0.00233098
57,M,true,0.00489506
58,F,false,0.00186655
58,F,true,0.00391976
58,M,false,0.00259243
58,M,true,0.00544411
59,F,false,0.00207808
59,F,true,0.00436397
59,M,false,0.00288623
59,M,true,0.00606107
60,F,false,0.00231577
60,F,true,0.00486311
60,M,false,0.00321634
60,M,true,0.00675432
61,F,false,0.00258283
61,F,true,0.00542395
61,M,false,0.00358727
61,M,true,0.00753326
62,F,false,0.0028829
62,F,true,0.00605408
62,M,false,0.00400402
62,M,true,0.00840844
63,F,false,0.00322002
63,F,true,0.00676203
63,M,false,0.00447224
63,M,true,0.00939171
64,F,false,0.00359875
64,F,true,0.00755737
64,M,false,0.00499826
64,M,true,0.01049635
65,F,false,0.00402421
65,F,true,0.00845084
65,M,false,0.00558918
65,M,true,0.01173727
66,F,false,0.00450212
66,F,true,0.00945445
66,M,false,0.00625295
66,M,true,0.01313118
67,F,false,0.00503891
67,F,true,0.01058172
67,M,false,0.00699849
67,M,true,0.01469683
68,F,false,0.00564179
68,F,true,0.01184776
68,M,false,0.00783582
68,M,true,0.01645522
69,F,false,0.00631881
69,F,true,0.01326951
69,M,false,0.00877613
69,M,true,0.01842988
70,F,false,0.00707903
70,F,true,0.01486595
70,M,false,0.00983198
70,M,true,0.02064716
71,F,false,0.00793253
71,F,true,0.01665832
71,M,false,0.01101741
71,M,true,0.02313656
72,F,false,0.00889066
72,F,true,0.01867039
72,M,false,0.01234814
72,M,true,0.02593109
73,F,false,0.00996605
73,F,true,0.02092871
73,M,false,0.01384174
73,M,true,0.02906766
74,F,false,0.01117286
74,F,true,0.023463
74,M,false,0.01551786
74,M,true,0.0325875
75,F,false,0.01252685
75,F,true,0.02630639
75,M,false,0.01739841
75,M,true,0.03653665
76,F,false,0.01404566
76,F,true,0.02949588
76,M,false,0.01950786
76,M,true,0.0409665
77,F,false,0.0157489
77,F,true,0.0330727
77,M,false,0.02187348
77,M,true,0.0459343
78,F,false,0.01765845
78,F,true,0.03708274
78,M,false,0.02452562
78,M,true,0.05150381
79,F,false,0.01979859
79,F,true,0.04157705
79,M,false,0.02749805
79,M,true,0.0577459
80,F,false,0.02219634
80,F,true,0.04661231
80,M,false,0.03082824
80,M,true,0.06473931
81,F,false,0.0248816
81,F,true,0.05225135
81,M,false,0.03455777
81,M,true,0.07257133
82,F,false,0.0278875
82,F,true,0.05856375
82,M,false,0.03873264
82,M,true,0.08133854
83,F,false,0.03125062
83,F,true,0.0656263
83,M,false,0.04340364
83,M,true,0.09114764
84,F,false,0.03501126
84,F,true,0.07352365
84,M,false,0.04862675
84,M,true,0.10211618
85,F,false,0.03921372
85,F,true,0.08234881
85,M,false,0.0544635
85,M,true,0.11437335
86,F,false,0.04390651
86,F,true,0.09220368
86,M,false,0.06098127
86,M,true,0.12806067
87,F,false,0.04914261
87,F,true,0.10319949
87,M,false,0.06825363
87,M,true,0.14333262
88,F,false,0.0549796
88,F,true,0.11545715
88,M,false,0.07636055
88,M,true,0.16035716
89,F,false,0.06147977
89,F,true,0.12910751
89,M,false,0.08538856
89,M,true,0.17931598
90,F,false,0.06871015
90,F,true,0.1442913
90,M,false,0.09543076
90,M,true,0.20040459
91,F,false,0.07674237
91,F,true,0.16115898
91,M,false,0.10658663
91,M,true,0.22383191
92,F,false,0.08565241
92,F,true,0.17987005
92,M,false,0.11896167
92,M,true,0.24981952
93,F,false,0.09552005
93,F,true,0.2005921
93,M,false,0.13266673
93,M,true,0.27860014
94,F,false,0.10642817
94,F,true,0.22349916
94,M,false,0.1478169
94,M,true,0.3104155
95,F,false,0.11846162
95,F,true,0.2487694
95,M,false,0.16453003
95,M,true,0.34551306
96,F,false,0.13170574
96,F,true,0.27658205
96,M,false,0.18292463
96,M,true,0.38414173
97,F,false,0.14624436
97,F,true,0.30711317
97,M,false,0.20311717
97,M,true,0.42654606
98,F,false,0.16215734
98,F,true,0.34053041
98,M,false,0.22521852
98,M,true,0.4729589
99,F,false,0.1795173
99,F,true,0.37698633
99,M,false,0.24932958
99,M,true,0.52359213
100,F,false,0.19838586
100,F,true,0.4166103
100,M,false,0.27553591
100,M,true,0.57862542
101,F,false,0.21880896
101,F,true,0.45949882
101,M,false,0.30390134
101,M,true,0.63819281
102,F,false,0.24081157
102,F,true,0.5057043
102,M,false,0.33446051
102,M,true,0.70236708
103,F,false,0.2643916
103,F,true,0.55522235
103,M,false,0.36721055
103,M,true,0.77114216
104,F,false,0.28951332
104,F,true,0.60797797
104,M,false,0.40210183
104,M,true,0.84441385
105,F,false,0.31610048
105,F,true,0.663811
105,M,false,0.43902844
105,M,true,0.92195972
106,F,false,0.34402943
106,F,true,0.7224618
106,M,false,0.47781865
106,M,true,1.0
107,F,false,0.37312296
107,F,true,0.78355823
107,M,false,0.51822634
107,M,true,1.0
108,F,false,0.40314546
108,F,true,0.84660547
108,M,false,0.55992425
108,M,true,1.0
109,F,false,0.43380029
109,F,true,0.91098062
109,M,false,0.60250041
109,M,true,1.0
110,F,false,0.46473059
110,F,true,0.97593423
110,M,false,0.64545915
110,M,true,1.0
111,F,false,0.49552434
111,F,true,1.0
111,M,false,0.68822826
111,M,true,1.0
112,F,false,0.52572503
112,F,true,1.0
112,M,false,0.73017365
112,M,true,1.0
113,F,false,0.55484826
113,F,true,1.0
113,M,false,0.77062258
113,M,true,1.0
114,F,false,0.5824048
114,F,true,1.0
114,M,false,0.80889555
114,M,true,1.0
115,F,false,0.60792914
115,F,true,1.0
115,M,false,0.84434602
115,M,true,1.0
116,F,false,0.6310118
116,F,true,1.0
116,M,false,0.87640528
116,M,true,1.0
117,F,false,0.65133234
117,F,true,1.0
117,M,false,0.90462825
117,M,true,1.0
118,F,false,0.6686888
118,F,true,1.0
118,M,false,0.92873444
118,M,true,1.0
119,F,false,0.68301879
119,F,true,1.0
119,M,false,0.94863721
119,M,true,1.0
120,F,false,0.69440746
120,F,true,1.0
120,M,false,0.96445481
120,M,true,1.0
