aggregation,group_key,measure,t,value
bel_by_sex,sex=F,bel,-1,-5335.22067023777
bel_by_sex,sex=M,bel,-1,-5507.282495099862
net_cashflow_by_cohort,cohort=2024,net_cashflow,0,759.6225487909669
net_cashflow_by_cohort,cohort=2024,net_cashflow,1,741.579624231125
net_cashflow_by_cohort,cohort=2024,net_cashflow,10,593.2132689462674
net_cashflow_by_cohort,cohort=2024,net_cashflow,100,315.1808873866511
net_cashflow_by_cohort,cohort=2024,net_cashflow,101,311.5413463468325
net_cashflow_by_cohort,cohort=2024,net_cashflow,102,307.9183021965856
net_cashflow_by_cohort,cohort=2024,net_cashflow,103,304.3116915964586
net_cashflow_by_cohort,cohort=2024,net_cashflow,104,300.72145143715886
net_cashflow_by_cohort,cohort=2024,net_cashflow,105,297.1475188387346
net_cashflow_by_cohort,cohort=2024,net_cashflow,106,293.5898311497585
net_cashflow_by_cohort,cohort=2024,net_cashflow,107,290.04832594651475
net_cashflow_by_cohort,cohort=2024,net_cashflow,108,284.90023059244714
net_cashflow_by_cohort,cohort=2024,net_cashflow,109,281.39575304713225
net_cashflow_by_cohort,cohort=2024,net_cashflow,11,578.1956052691211
net_cashflow_by_cohort,cohort=2024,net_cashflow,110,277.90728995323644
net_cashflow_by_cohort,cohort=2024,net_cashflow,111,274.4347795545568
net_cashflow_by_cohort,cohort=2024,net_cashflow,112,270.9662798779559
net_cashflow_by_cohort,cohort=2024,net_cashflow,113,267.492477951993
net_cashflow_by_cohort,cohort=2024,net_cashflow,114,264.0347443950928
net_cashflow_by_cohort,cohort=2024,net_cashflow,115,260.59301677548325
net_cashflow_by_cohort,cohort=2024,net_cashflow,116,257.16723289017887
net_cashflow_by_cohort,cohort=2024,net_cashflow,117,253.75733076416128
net_cashflow_by_cohort,cohort=2024,net_cashflow,118,250.36324864956282
net_cashflow_by_cohort,cohort=2024,net_cashflow,119,-11333.332925372943
net_cashflow_by_cohort,cohort=2024,net_cashflow,12,681.9632015067557
net_cashflow_by_cohort,cohort=2024,net_cashflow,120,210.4202067713031
net_cashflow_by_cohort,cohort=2024,net_cashflow,121,207.50857931774365
net_cashflow_by_cohort,cohort=2024,net_cashflow,122,204.61056706346142
net_cashflow_by_cohort,cohort=2024,net_cashflow,123,201.72611679257386
net_cashflow_by_cohort,cohort=2024,net_cashflow,124,198.85517548506888
net_cashflow_by_cohort,cohort=2024,net_cashflow,125,195.99769031610097
net_cashflow_by_cohort,cohort=2024,net_cashflow,126,193.1536086552892
net_cashflow_by_cohort,cohort=2024,net_cashflow,127,190.32287806601823
net_cashflow_by_cohort,cohort=2024,net_cashflow,128,187.50544630474178
net_cashflow_by_cohort,cohort=2024,net_cashflow,129,184.7012613202884
net_cashflow_by_cohort,cohort=2024,net_cashflow,13,668.1993571629522
net_cashflow_by_cohort,cohort=2024,net_cashflow,130,181.91027125316975
net_cashflow_by_cohort,cohort=2024,net_cashflow,131,179.1324244348913
net_cashflow_by_cohort,cohort=2024,net_cashflow,132,174.79205426893049
net_cashflow_by_cohort,cohort=2024,net_cashflow,133,172.03146231062496
net_cashflow_by_cohort,cohort=2024,net_cashflow,134,169.28400011410122
net_cashflow_by_cohort,cohort=2024,net_cashflow,135,166.54961589171566
net_cashflow_by_cohort,cohort=2024,net_cashflow,136,163.82825804769885
net_cashflow_by_cohort,cohort=2024,net_cashflow,137,161.11987517746257
net_cashflow_by_cohort,cohort=2024,net_cashflow,138,158.42441606690852
net_cashflow_by_cohort,cohort=2024,net_cashflow,139,155.7418296917397
net_cashflow_by_cohort,cohort=2024,net_cashflow,14,654.6065040400847
net_cashflow_by_cohort,cohort=2024,net_cashflow,140,153.07206521677398
net_cashflow_by_cohort,cohort=2024,net_cashflow,141,150.41507199526086
net_cashflow_by_cohort,cohort=2024,net_cashflow,142,147.7693461231533
net_cashflow_by_cohort,cohort=2024,net_cashflow,143,145.12094234767295
net_cashflow_by_cohort,cohort=2024,net_cashflow,144,140.76214285157772
net_cashflow_by_cohort,cohort=2024,net_cashflow,145,138.13738684550856
net_cashflow_by_cohort,cohort=2024,net_cashflow,146,135.52538676215391
net_cashflow_by_cohort,cohort=2024,net_cashflow,147,132.92609166935907
net_cashflow_by_cohort,cohort=2024,net_cashflow,148,130.33945082535763
net_cashflow_by_cohort,cohort=2024,net_cashflow,149,127.76541367807793
net_cashflow_by_cohort,cohort=2024,net_cashflow,15,641.1828207595815
net_cashflow_by_cohort,cohort=2024,net_cashflow,150,125.2039298644526
net_cashflow_by_cohort,cohort=2024,net_cashflow,151,122.65494920973012
net_cashflow_by_cohort,cohort=2024,net_cashflow,152,120.11842172678882
net_cashflow_by_cohort,cohort=2024,net_cashflow,153,117.59429761545402
net_cashflow_by_cohort,cohort=2024,net_cashflow,154,115.08252726181695
net_cashflow_by_cohort,cohort=2024,net_cashflow,155,112.58306123755632
net_cashflow_by_cohort,cohort=2024,net_cashflow,156,108.17733900503308
net_cashflow_by_cohort,cohort=2024,net_cashflow,157,105.70069412027311
net_cashflow_by_cohort,cohort=2024,net_cashflow,158,103.23629862523092
net_cashflow_by_cohort,cohort=2024,net_cashflow,159,100.78410314334062
net_cashflow_by_cohort,cohort=2024,net_cashflow,16,627.9265039485224
net_cashflow_by_cohort,cohort=2024,net_cashflow,160,98.344058483981
net_cashflow_by_cohort,cohort=2024,net_cashflow,161,95.91611564179433
net_cashflow_by_cohort,cohort=2024,net_cashflow,162,93.50022579600687
net_cashflow_by_cohort,cohort=2024,net_cashflow,163,91.09634030975263
net_cashflow_by_cohort,cohort=2024,net_cashflow,164,88.70441072939879
net_cashflow_by_cohort,cohort=2024,net_cashflow,165,86.32438878387407
net_cashflow_by_cohort,cohort=2024,net_cashflow,166,83.95622638399959
net_cashflow_by_cohort,cohort=2024,net_cashflow,167,81.59229797375431
net_cashflow_by_cohort,cohort=2024,net_cashflow,168,77.09592936795394
net_cashflow_by_cohort,cohort=2024,net_cashflow,169,74.74996528241755
net_cashflow_by_cohort,cohort=2024,net_cashflow,17,614.8357680691372
net_cashflow_by_cohort,cohort=2024,net_cashflow,170,72.41587320804284
net_cashflow_by_cohort,cohort=2024,net_cashflow,171,70.09360468131544
net_cashflow_by_cohort,cohort=2024,net_cashflow,172,67.78311142294001
net_cashflow_by_cohort,cohort=2024,net_cashflow,173,65.48434533716002
net_cashflow_by_cohort,cohort=2024,net_cashflow,174,63.19725851107961
net_cashflow_by_cohort,cohort=2024,net_cashflow,175,60.92180321398753
net_cashflow_by_cohort,cohort=2024,net_cashflow,176,58.657931896684296
net_cashflow_by_cohort,cohort=2024,net_cashflow,177,56.405597190811335
net_cashflow_by_cohort,cohort=2024,net_cashflow,178,54.16475190818265
net_cashflow_by_cohort,cohort=2024,net_cashflow,179,-21976.914248454174
net_cashflow_by_cohort,cohort=2024,net_cashflow,18,601.9088452498762
net_cashflow_by_cohort,cohort=2024,net_cashflow,180,33.9387201293364
net_cashflow_by_cohort,cohort=2024,net_cashflow,181,32.240529801399155
net_cashflow_by_cohort,cohort=2024,net_cashflow,182,30.55124510506257
net_cashflow_by_cohort,cohort=2024,net_cashflow,183,28.87082879969625
net_cashflow_by_cohort,cohort=2024,net_cashflow,184,27.199243789176215
net_cashflow_by_cohort,cohort=2024,net_cashflow,185,25.536453121341125
net_cashflow_by_cohort,cohort=2024,net_cashflow,186,23.882419987449698
net_cashflow_by_cohort,cohort=2024,net_cashflow,187,22.237107721640843
net_cashflow_by_cohort,cohort=2024,net_cashflow,188,20.600479800395515
net_cashflow_by_cohort,cohort=2024,net_cashflow,189,18.972499842000406
net_cashflow_by_cohort,cohort=2024,net_cashflow,19,589.1439851180392
net_cashflow_by_cohort,cohort=2024,net_cashflow,190,17.353131606013903
net_cashflow_by_cohort,cohort=2024,net_cashflow,191,15.74233899273395
net_cashflow_by_cohort,cohort=2024,net_cashflow,192,11.758988308466343
net_cashflow_by_cohort,cohort=2024,net_cashflow,193,10.163792990197376
net_cashflow_by_cohort,cohort=2024,net_cashflow,194,8.577178824747545
net_cashflow_by_cohort,cohort=2024,net_cashflow,195,6.999109399266816
net_cashflow_by_cohort,cohort=2024,net_cashflow,196,5.4295484438949195
net_cashflow_by_cohort,cohort=2024,net_cashflow,197,3.8684598312171428
net_cashflow_by_cohort,cohort=2024,net_cashflow,198,2.31580757572175
net_cashflow_by_cohort,cohort=2024,net_cashflow,199,0.7715558332597934
net_cashflow_by_cohort,cohort=2024,net_cashflow,2,723.8618431958727
net_cashflow_by_cohort,cohort=2024,net_cashflow,20,576.5394546339428
net_cashflow_by_cohort,cohort=2024,net_cashflow,200,-0.7643310994933494
net_cashflow_by_cohort,cohort=2024,net_cashflow,201,-2.29188878557396
net_cashflow_by_cohort,cohort=2024,net_cashflow,202,-3.811152648264662
net_cashflow_by_cohort,cohort=2024,net_cashflow,203,-5.322157971626172
net_cashflow_by_cohort,cohort=2024,net_cashflow,204,-9.504878816118143
net_cashflow_by_cohort,cohort=2024,net_cashflow,205,-11.000172000789762
net_cashflow_by_cohort,cohort=2024,net_cashflow,206,-12.487191706033238
net_cashflow_by_cohort,cohort=2024,net_cashflow,207,-13.965973616017934
net_cashflow_by_cohort,cohort=2024,net_cashflow,208,-15.436553272889551
net_cashflow_by_cohort,cohort=2024,net_cashflow,209,-16.898966077317496
net_cashflow_by_cohort,cohort=2024,net_cashflow,21,564.0935379266222
net_cashflow_by_cohort,cohort=2024,net_cashflow,210,-18.35324728904063
net_cashflow_by_cohort,cohort=2024,net_cashflow,211,-19.79943202741026
net_cashflow_by_cohort,cohort=2024,net_cashflow,212,-21.237555271931726
net_cashflow_by_cohort,cohort=2024,net_cashflow,213,-22.667651862803442
net_cashflow_by_cohort,cohort=2024,net_cashflow,214,-24.089756501454175
net_cashflow_by_cohort,cohort=2024,net_cashflow,215,-25.50390375107813
net_cashflow_by_cohort,cohort=2024,net_cashflow,216,-29.924957162790612
net_cashflow_by_cohort,cohort=2024,net_cashflow,217,-31.323029498231758
net_cashflow_by_cohort,cohort=2024,net_cashflow,218,-32.71312039276886
net_cashflow_by_cohort,cohort=2024,net_cashflow,219,-34.09526490253543
net_cashflow_by_cohort,cohort=2024,net_cashflow,22,551.8045361310429
net_cashflow_by_cohort,cohort=2024,net_cashflow,220,-35.46949794201152
net_cashflow_by_cohort,cohort=2024,net_cashflow,221,-36.835854284577266
net_cashflow_by_cohort,cohort=2024,net_cashflow,222,-38.19436856306497
net_cashflow_by_cohort,cohort=2024,net_cashflow,223,-39.54507527030849
net_cashflow_by_cohort,cohort=2024,net_cashflow,224,-40.888008759690784
net_cashflow_by_cohort,cohort=2024,net_cashflow,225,-42.223203245689305
net_cashflow_by_cohort,cohort=2024,net_cashflow,226,-43.55069280441923
net_cashflow_by_cohort,cohort=2024,net_cashflow,227,-44.870511374174775
net_cashflow_by_cohort,cohort=2024,net_cashflow,228,-49.57176142899662
net_cashflow_by_cohort,cohort=2024,net_cashflow,229,-50.87485453097013
net_cashflow_by_cohort,cohort=2024,net_cashflow,23,539.6707672268182
net_cashflow_by_cohort,cohort=2024,net_cashflow,230,-52.170243931907876
net_cashflow_by_cohort,cohort=2024,net_cashflow,231,-53.45796416227654
net_cashflow_by_cohort,cohort=2024,net_cashflow,232,-54.738049610608215
net_cashflow_by_cohort,cohort=2024,net_cashflow,233,-56.01053452406457
net_cashflow_by_cohort,cohort=2024,net_cashflow,234,-57.27545300899824
net_cashflow_by_cohort,cohort=2024,net_cashflow,235,-58.53283903151277
net_cashflow_by_cohort,cohort=2024,net_cashflow,236,-59.78272641801988
net_cashflow_by_cohort,cohort=2024,net_cashflow,237,-61.02514885579437
net_cashflow_by_cohort,cohort=2024,net_cashflow,238,-62.260139893527544
net_cashflow_by_cohort,cohort=2024,net_cashflow,239,-39340.230901449795
net_cashflow_by_cohort,cohort=2024,net_cashflow,24,607.1214996699799
net_cashflow_by_cohort,cohort=2024,net_cashflow,240,-29.498899223960365
net_cashflow_by_cohort,cohort=2024,net_cashflow,241,-30.111332029105235
net_cashflow_by_cohort,cohort=2024,net_cashflow,242,-30.720226524670096
net_cashflow_by_cohort,cohort=2024,net_cashflow,243,-31.325598085022797
net_cashflow_by_cohort,cohort=2024,net_cashflow,244,-31.92746202340556
net_cashflow_by_cohort,cohort=2024,net_cashflow,245,-32.525833592169434
net_cashflow_by_cohort,cohort=2024,net_cashflow,246,-33.120727983008194
net_cashflow_by_cohort,cohort=2024,net_cashflow,247,-33.71216032719113
net_cashflow_by_cohort,cohort=2024,net_cashflow,248,-34.30014569579511
net_cashflow_by_cohort,cohort=2024,net_cashflow,249,-34.8846990999355
net_cashflow_by_cohort,cohort=2024,net_cashflow,25,597.9444347486669
net_cashflow_by_cohort,cohort=2024,net_cashflow,250,-35.46583549099661
net_cashflow_by_cohort,cohort=2024,net_cashflow,251,-36.043569760860905
net_cashflow_by_cohort,cohort=2024,net_cashflow,252,-38.160473020208016
net_cashflow_by_cohort,cohort=2024,net_cashflow,253,-38.7299645369674
net_cashflow_by_cohort,cohort=2024,net_cashflow,254,-39.29604903482759
net_cashflow_by_cohort,cohort=2024,net_cashflow,255,-39.85874159082388
net_cashflow_by_cohort,cohort=2024,net_cashflow,256,-40.41805722116841
net_cashflow_by_cohort,cohort=2024,net_cashflow,257,-40.974010881486805
net_cashflow_by_cohort,cohort=2024,net_cashflow,258,-41.52661746705391
net_cashflow_by_cohort,cohort=2024,net_cashflow,259,-42.07589181302846
net_cashflow_by_cohort,cohort=2024,net_cashflow,26,588.847938280433
net_cashflow_by_cohort,cohort=2024,net_cashflow,260,-42.62184869468702
net_cashflow_by_cohort,cohort=2024,net_cashflow,261,-43.16450282765702
net_cashflow_by_cohort,cohort=2024,net_cashflow,262,-43.70386886814876
net_cashflow_by_cohort,cohort=2024,net_cashflow,263,-44.239961413186705
net_cashflow_by_cohort,cohort=2024,net_cashflow,264,-46.499383604553515
net_cashflow_by_cohort,cohort=2024,net_cashflow,265,-47.02683755200598
net_cashflow_by_cohort,cohort=2024,net_cashflow,266,-47.551009884329815
net_cashflow_by_cohort,cohort=2024,net_cashflow,267,-48.071915422904326
net_cashflow_by_cohort,cohort=2024,net_cashflow,268,-48.58956892832951
net_cashflow_by_cohort,cohort=2024,net_cashflow,269,-49.10398510066591
net_cashflow_by_cohort,cohort=2024,net_cashflow,27,579.83140634952
net_cashflow_by_cohort,cohort=2024,net_cashflow,270,-49.61517857967371
net_cashflow_by_cohort,cohort=2024,net_cashflow,271,-50.12316394505086
net_cashflow_by_cohort,cohort=2024,net_cashflow,272,-50.627955716670364
net_cashflow_by_cohort,cohort=2024,net_cashflow,273,-51.12956835481641
net_cashflow_by_cohort,cohort=2024,net_cashflow,274,-51.628016260419926
net_cashflow_by_cohort,cohort=2024,net_cashflow,275,-52.123313775292814
net_cashflow_by_cohort,cohort=2024,net_cashflow,276,-54.546949308090554
net_cashflow_by_cohort,cohort=2024,net_cashflow,277,-55.03305534988574
net_cashflow_by_cohort,cohort=2024,net_cashflow,278,-55.51600000388625
net_cashflow_by_cohort,cohort=2024,net_cashflow,279,-55.99579787782827
net_cashflow_by_cohort,cohort=2024,net_cashflow,28,570.8942392502491
net_cashflow_by_cohort,cohort=2024,net_cashflow,280,-56.47246351842979
net_cashflow_by_cohort,cohort=2024,net_cashflow,281,-56.94601141163573
net_cashflow_by_cohort,cohort=2024,net_cashflow,282,-57.416455982861876
net_cashflow_by_cohort,cohort=2024,net_cashflow,283,-57.88381159723825
net_cashflow_by_cohort,cohort=2024,net_cashflow,284,-58.348092559851054
net_cashflow_by_cohort,cohort=2024,net_cashflow,285,-58.809313115984054
net_cashflow_by_cohort,cohort=2024,net_cashflow,286,-59.26748745135873
net_cashflow_by_cohort,cohort=2024,net_cashflow,287,-59.72262969237364
net_cashflow_by_cohort,cohort=2024,net_cashflow,288,-62.333836996250355
net_cashflow_by_cohort,cohort=2024,net_cashflow,289,-62.779052404820064
net_cashflow_by_cohort,cohort=2024,net_cashflow,29,562.035841458806
net_cashflow_by_cohort,cohort=2024,net_cashflow,290,-63.221222311534405
net_cashflow_by_cohort,cohort=2024,net_cashflow,291,-63.66036115273203
net_cashflow_by_cohort,cohort=2024,net_cashflow,292,-64.09648330318389
net_cashflow_by_cohort,cohort=2024,net_cashflow,293,-64.52960307634544
net_cashflow_by_cohort,cohort=2024,net_cashflow,294,-64.95973472460773
net_cashflow_by_cohort,cohort=2024,net_cashflow,295,-65.38689243954731
net_cashflow_by_cohort,cohort=2024,net_cashflow,296,-65.81109035217538
net_cashflow_by_cohort,cohort=2024,net_cashflow,297,-66.23234253318583
net_cashflow_by_cohort,cohort=2024,net_cashflow,298,-66.65066299320222
net_cashflow_by_cohort,cohort=2024,net_cashflow,299,-16134.51049587608
net_cashflow_by_cohort,cohort=2024,net_cashflow,3,706.463973753526
net_cashflow_by_cohort,cohort=2024,net_cashflow,30,553.2556216052116
net_cashflow_by_cohort,cohort=2024,net_cashflow,300,-37.29521808470995
net_cashflow_by_cohort,cohort=2024,net_cashflow,301,-37.55530415905814
net_cashflow_by_cohort,cohort=2024,net_cashflow,302,-37.81373507356548
net_cashflow_by_cohort,cohort=2024,net_cashflow,303,-38.0705181438601
net_cashflow_by_cohort,cohort=2024,net_cashflow,304,-38.32566065650637
net_cashflow_by_cohort,cohort=2024,net_cashflow,305,-38.5791698691156
net_cashflow_by_cohort,cohort=2024,net_cashflow,306,-38.83105301045627
net_cashflow_by_cohort,cohort=2024,net_cashflow,307,-39.08131728056392
net_cashflow_by_cohort,cohort=2024,net_cashflow,308,-39.329969850850574
net_cashflow_by_cohort,cohort=2024,net_cashflow,309,-39.57701786421381
net_cashflow_by_cohort,cohort=2024,net_cashflow,31,544.5529924454765
net_cashflow_by_cohort,cohort=2024,net_cashflow,310,-39.82246843514524
net_cashflow_by_cohort,cohort=2024,net_cashflow,311,-40.06632864983899
net_cashflow_by_cohort,cohort=2024,net_cashflow,312,-41.24915196329476
net_cashflow_by_cohort,cohort=2024,net_cashflow,313,-41.488194599724075
net_cashflow_by_cohort,cohort=2024,net_cashflow,314,-41.72564755729717
net_cashflow_by_cohort,cohort=2024,net_cashflow,315,-41.96151799385678
net_cashflow_by_cohort,cohort=2024,net_cashflow,316,-42.19581303842983
net_cashflow_by_cohort,cohort=2024,net_cashflow,317,-42.42853979133825
net_cashflow_by_cohort,cohort=2024,net_cashflow,318,-42.65970532430964
net_cashflow_by_cohort,cohort=2024,net_cashflow,319,-42.88931668058739
net_cashflow_by_cohort,cohort=2024,net_cashflow,32,535.9273708339373
net_cashflow_by_cohort,cohort=2024,net_cashflow,320,-43.117380875040304
net_cashflow_by_cohort,cohort=2024,net_cashflow,321,-43.343904894271994
net_cashflow_by_cohort,cohort=2024,net_cashflow,322,-43.56889569672976
net_cashflow_by_cohort,cohort=2024,net_cashflow,323,-43.79236021281298
net_cashflow_by_cohort,cohort=2024,net_cashflow,324,-45.064345755870406
net_cashflow_by_cohort,cohort=2024,net_cashflow,325,-45.282719215530214
net_cashflow_by_cohort,cohort=2024,net_cashflow,326,-45.49956577306871
net_cashflow_by_cohort,cohort=2024,net_cashflow,327,-45.71489244705796
net_cashflow_by_cohort,cohort=2024,net_cashflow,328,-45.92870622739518
net_cashflow_by_cohort,cohort=2024,net_cashflow,329,-46.141014075414674
net_cashflow_by_cohort,cohort=2024,net_cashflow,33,527.3781776957746
net_cashflow_by_cohort,cohort=2024,net_cashflow,330,-46.35182292399906
net_cashflow_by_cohort,cohort=2024,net_cashflow,331,-46.56113967769035
net_cashflow_by_cohort,cohort=2024,net_cashflow,332,-46.76897121280028
net_cashflow_by_cohort,cohort=2024,net_cashflow,333,-46.97532437752076
net_cashflow_by_cohort,cohort=2024,net_cashflow,334,-47.180205992033144
net_cashflow_by_cohort,cohort=2024,net_cashflow,335,-47.38362284861782
net_cashflow_by_cohort,cohort=2024,net_cashflow,336,-48.75737375486338
net_cashflow_by_cohort,cohort=2024,net_cashflow,337,-48.95534394374718
net_cashflow_by_cohort,cohort=2024,net_cashflow,338,-49.15184763798069
net_cashflow_by_cohort,cohort=2024,net_cashflow,339,-49.34689173537009
net_cashflow_by_cohort,cohort=2024,net_cashflow,34,518.9048379997098
net_cashflow_by_cohort,cohort=2024,net_cashflow,340,-49.540483105073456
net_cashflow_by_cohort,cohort=2024,net_cashflow,341,-49.732628587714096
net_cashflow_by_cohort,cohort=2024,net_cashflow,342,-49.92333499549339
net_cashflow_by_cohort,cohort=2024,net_cashflow,343,-50.11260911230318
net_cashflow_by_cohort,cohort=2024,net_cashflow,344,-50.30045769383764
net_cashflow_by_cohort,cohort=2024,net_cashflow,345,-50.48688746770488
net_cashflow_by_cohort,cohort=2024,net_cashflow,346,-50.67190513353794
net_cashflow_by_cohort,cohort=2024,net_cashflow,347,-50.855517363105506
net_cashflow_by_cohort,cohort=2024,net_cashflow,348,-52.34470686201212
net_cashflow_by_cohort,cohort=2024,net_cashflow,349,-52.522421967891056
net_cashflow_by_cohort,cohort=2024,net_cashflow,35,510.50678073088244
net_cashflow_by_cohort,cohort=2024,net_cashflow,350,-52.698729002464596
net_cashflow_by_cohort,cohort=2024,net_cashflow,351,-52.87363476124773
net_cashflow_by_cohort,cohort=2024,net_cashflow,352,-53.04714601101091
net_cashflow_by_cohort,cohort=2024,net_cashflow,353,-53.21926948989532
net_cashflow_by_cohort,cohort=2024,net_cashflow,354,-53.390011907528006
net_cashflow_by_cohort,cohort=2024,net_cashflow,355,-53.559379945136186
net_cashflow_by_cohort,cohort=2024,net_cashflow,356,-53.72738025566155
net_cashflow_by_cohort,cohort=2024,net_cashflow,357,-53.89401946387363
net_cashflow_by_cohort,cohort=2024,net_cashflow,358,-54.05930416648314
net_cashflow_by_cohort,cohort=2024,net_cashflow,359,-26243.338186299236
net_cashflow_by_cohort,cohort=2024,net_cashflow,36,552.6696498320106
net_cashflow_by_cohort,cohort=2024,net_cashflow,360,0.0
net_cashflow_by_cohort,cohort=2024,net_cashflow,37,545.7646039358674
net_cashflow_by_cohort,cohort=2024,net_cashflow,38,538.9068727266834
net_cashflow_by_cohort,cohort=2024,net_cashflow,39,532.0961797782629
net_cashflow_by_cohort,cohort=2024,net_cashflow,4,689.3808631444745
net_cashflow_by_cohort,cohort=2024,net_cashflow,40,525.332250172519
net_cashflow_by_cohort,cohort=2024,net_cashflow,41,518.6148104915248
net_cashflow_by_cohort,cohort=2024,net_cashflow,42,511.9435888096083
net_cashflow_by_cohort,cohort=2024,net_cashflow,43,505.318314685485
net_cashflow_by_cohort,cohort=2024,net_cashflow,44,498.73871915443476
net_cashflow_by_cohort,cohort=2024,net_cashflow,45,492.2045347205161
net_cashflow_by_cohort,cohort=2024,net_cashflow,46,485.71549534882183
net_cashflow_by_cohort,cohort=2024,net_cashflow,47,479.27133645777593
net_cashflow_by_cohort,cohort=2024,net_cashflow,48,505.0339276563294
net_cashflow_by_cohort,cohort=2024,net_cashflow,49,499.3967290457276
net_cashflow_by_cohort,cohort=2024,net_cashflow,5,672.6074366280199
net_cashflow_by_cohort,cohort=2024,net_cashflow,50,493.79205797407496
net_cashflow_by_cohort,cohort=2024,net_cashflow,51,488.21975440528763
net_cashflow_by_cohort,cohort=2024,net_cashflow,52,482.6796590420064
net_cashflow_by_cohort,cohort=2024,net_cashflow,53,477.17161332228716
net_cashflow_by_cohort,cohort=2024,net_cashflow,54,471.69545941630633
net_cashflow_by_cohort,cohort=2024,net_cashflow,55,466.25104022307926
net_cashflow_by_cohort,cohort=2024,net_cashflow,56,460.83819936719556
net_cashflow_by_cohort,cohort=2024,net_cashflow,57,455.4567811955672
net_cashflow_by_cohort,cohort=2024,net_cashflow,58,450.1066307741909
net_cashflow_by_cohort,cohort=2024,net_cashflow,59,444.7875938849253
net_cashflow_by_cohort,cohort=2024,net_cashflow,6,656.138696345587
net_cashflow_by_cohort,cohort=2024,net_cashflow,60,456.0900194574016
net_cashflow_by_cohort,cohort=2024,net_cashflow,61,451.1625360328771
net_cashflow_by_cohort,cohort=2024,net_cashflow,62,446.26093021956115
net_cashflow_by_cohort,cohort=2024,net_cashflow,63,441.3850862603946
net_cashflow_by_cohort,cohort=2024,net_cashflow,64,436.53488888562856
net_cashflow_by_cohort,cohort=2024,net_cashflow,65,431.7102233108276
net_cashflow_by_cohort,cohort=2024,net_cashflow,66,426.91097523487974
net_cashflow_by_cohort,cohort=2024,net_cashflow,67,422.1370308380158
net_cashflow_by_cohort,cohort=2024,net_cashflow,68,417.38827677983625
net_cashflow_by_cohort,cohort=2024,net_cashflow,69,412.66460019734575
net_cashflow_by_cohort,cohort=2024,net_cashflow,7,639.9697202000721
net_cashflow_by_cohort,cohort=2024,net_cashflow,70,407.96588870299615
net_cashflow_by_cohort,cohort=2024,net_cashflow,71,403.29203038273727
net_cashflow_by_cohort,cohort=2024,net_cashflow,72,413.0192436500353
net_cashflow_by_cohort,cohort=2024,net_cashflow,73,408.63239756825726
net_cashflow_by_cohort,cohort=2024,net_cashflow,74,404.2668888809677
net_cashflow_by_cohort,cohort=2024,net_cashflow,75,399.9226291897722
net_cashflow_by_cohort,cohort=2024,net_cashflow,76,395.5995304420507
net_cashflow_by_cohort,cohort=2024,net_cashflow,77,391.2975049296362
net_cashflow_by_cohort,cohort=2024,net_cashflow,78,387.0164652874994
net_cashflow_by_cohort,cohort=2024,net_cashflow,79,382.7563244924377
net_cashflow_by_cohort,cohort=2024,net_cashflow,8,624.0956607511077
net_cashflow_by_cohort,cohort=2024,net_cashflow,80,378.51699586176954
net_cashflow_by_cohort,cohort=2024,net_cashflow,81,374.29839305203404
net_cashflow_by_cohort,cohort=2024,net_cashflow,82,370.10043005769444
net_cashflow_by_cohort,cohort=2024,net_cashflow,83,365.92302120984766
net_cashflow_by_cohort,cohort=2024,net_cashflow,84,371.4663682463674
net_cashflow_by_cohort,cohort=2024,net_cashflow,85,367.4691321286247
net_cashflow_by_cohort,cohort=2024,net_cashflow,86,363.4903795695325
net_cashflow_by_cohort,cohort=2024,net_cashflow,87,359.5300378590115
net_cashflow_by_cohort,cohort=2024,net_cashflow,88,355.5880345575778
net_cashflow_by_cohort,cohort=2024,net_cashflow,89,351.66429749535763
net_cashflow_by_cohort,cohort=2024,net_cashflow,9,608.511744126021
net_cashflow_by_cohort,cohort=2024,net_cashflow,90,347.7587547711055
net_cashflow_by_cohort,cohort=2024,net_cashflow,91,343.8713347512267
net_cashflow_by_cohort,cohort=2024,net_cashflow,92,340.00196606880195
net_cashflow_by_cohort,cohort=2024,net_cashflow,93,336.1505776226171
net_cashflow_by_cohort,cohort=2024,net_cashflow,94,332.3170985761953
net_cashflow_by_cohort,cohort=2024,net_cashflow,95,328.5014583568327
net_cashflow_by_cohort,cohort=2024,net_cashflow,96,329.9052953323611
net_cashflow_by_cohort,cohort=2024,net_cashflow,97,326.19912870772464
net_cashflow_by_cohort,cohort=2024,net_cashflow,98,322.50971464854126
net_cashflow_by_cohort,cohort=2024,net_cashflow,99,318.8369888864743
net_cashflow_by_cohort,cohort=2025,net_cashflow,0,901.04918212915
net_cashflow_by_cohort,cohort=2025,net_cashflow,1,881.7627577225958
net_cashflow_by_cohort,cohort=2025,net_cashflow,10,722.6313473487124
net_cashflow_by_cohort,cohort=2025,net_cashflow,100,339.24178659836014
net_cashflow_by_cohort,cohort=2025,net_cashflow,101,335.6689188959426
net_cashflow_by_cohort,cohort=2025,net_cashflow,102,332.11207584426575
net_cashflow_by_cohort,cohort=2025,net_cashflow,103,328.5711961090658
net_cashflow_by_cohort,cohort=2025,net_cashflow,104,325.0462185787856
net_cashflow_by_cohort,cohort=2025,net_cashflow,105,321.5370823637818
net_cashflow_by_cohort,cohort=2025,net_cashflow,106,318.04372679553495
net_cashflow_by_cohort,cohort=2025,net_cashflow,107,314.5660914258632
net_cashflow_by_cohort,cohort=2025,net_cashflow,108,309.4057554866082
net_cashflow_by_cohort,cohort=2025,net_cashflow,109,305.9568305509267
net_cashflow_by_cohort,cohort=2025,net_cashflow,11,706.4639699466384
net_cashflow_by_cohort,cohort=2025,net_cashflow,110,302.5217346178124
net_cashflow_by_cohort,cohort=2025,net_cashflow,111,299.10222151198525
net_cashflow_by_cohort,cohort=2025,net_cashflow,112,295.6982312120225
net_cashflow_by_cohort,cohort=2025,net_cashflow,113,292.30970391545213
net_cashflow_by_cohort,cohort=2025,net_cashflow,114,288.93658003797094
net_cashflow_by_cohort,cohort=2025,net_cashflow,115,285.5788002126643
net_cashflow_by_cohort,cohort=2025,net_cashflow,116,282.2363052892307
net_cashflow_by_cohort,cohort=2025,net_cashflow,117,278.90903633320636
net_cashflow_by_cohort,cohort=2025,net_cashflow,118,275.596934625195
net_cashflow_by_cohort,cohort=2025,net_cashflow,119,-8425.963642488616
net_cashflow_by_cohort,cohort=2025,net_cashflow,12,760.1073390034236
net_cashflow_by_cohort,cohort=2025,net_cashflow,120,236.2240791749421
net_cashflow_by_cohort,cohort=2025,net_cashflow,121,233.3316659403979
net_cashflow_by_cohort,cohort=2025,net_cashflow,122,230.4525427488646
net_cashflow_by_cohort,cohort=2025,net_cashflow,123,227.5866580168699
net_cashflow_by_cohort,cohort=2025,net_cashflow,124,224.73396035034486
net_cashflow_by_cohort,cohort=2025,net_cashflow,125,221.87467738090928
net_cashflow_by_cohort,cohort=2025,net_cashflow,126,219.0277436361953
net_cashflow_by_cohort,cohort=2025,net_cashflow,127,216.19402749952826
net_cashflow_by_cohort,cohort=2025,net_cashflow,128,213.37347737946337
net_cashflow_by_cohort,cohort=2025,net_cashflow,129,210.56604187460383
net_cashflow_by_cohort,cohort=2025,net_cashflow,13,746.0930210296382
net_cashflow_by_cohort,cohort=2025,net_cashflow,130,207.77166977291668
net_cashflow_by_cohort,cohort=2025,net_cashflow,131,204.99031005105036
net_cashflow_by_cohort,cohort=2025,net_cashflow,132,200.45927324301786
net_cashflow_by_cohort,cohort=2025,net_cashflow,133,197.70749733516567
net_cashflow_by_cohort,cohort=2025,net_cashflow,134,194.96861734433435
net_cashflow_by_cohort,cohort=2025,net_cashflow,135,192.24258264931086
net_cashflow_by_cohort,cohort=2025,net_cashflow,136,189.52934281625173
net_cashflow_by_cohort,cohort=2025,net_cashflow,137,186.8288475980055
net_cashflow_by_cohort,cohort=2025,net_cashflow,138,184.14104693343668
net_cashflow_by_cohort,cohort=2025,net_cashflow,139,181.46589094675326
net_cashflow_by_cohort,cohort=2025,net_cashflow,14,732.2490848223212
net_cashflow_by_cohort,cohort=2025,net_cashflow,140,178.8033299468355
net_cashflow_by_cohort,cohort=2025,net_cashflow,141,176.15331442656768
net_cashflow_by_cohort,cohort=2025,net_cashflow,142,173.51579506217257
net_cashflow_by_cohort,cohort=2025,net_cashflow,143,170.89072271254759
net_cashflow_by_cohort,cohort=2025,net_cashflow,144,166.38123888600683
net_cashflow_by_cohort,cohort=2025,net_cashflow,145,163.78482761602243
net_cashflow_by_cohort,cohort=2025,net_cashflow,146,161.2007558595372
net_cashflow_by_cohort,cohort=2025,net_cashflow,147,158.6289748218822
net_cashflow_by_cohort,cohort=2025,net_cashflow,148,156.0694358900405
net_cashflow_by_cohort,cohort=2025,net_cashflow,149,153.5220906319862
net_cashflow_by_cohort,cohort=2025,net_cashflow,15,718.5737322764817
net_cashflow_by_cohort,cohort=2025,net_cashflow,150,150.9868907960266
net_cashflow_by_cohort,cohort=2025,net_cashflow,151,148.4637883101452
net_cashflow_by_cohort,cohort=2025,net_cashflow,152,145.95273528134916
net_cashflow_by_cohort,cohort=2025,net_cashflow,153,143.4536839950174
net_cashflow_by_cohort,cohort=2025,net_cashflow,154,140.96658691425174
net_cashflow_by_cohort,cohort=2025,net_cashflow,155,138.4913966792304
net_cashflow_by_cohort,cohort=2025,net_cashflow,156,133.9828301010121
net_cashflow_by_cohort,cohort=2025,net_cashflow,157,131.53548426785824
net_cashflow_by_cohort,cohort=2025,net_cashflow,158,129.09994652647904
net_cashflow_by_cohort,cohort=2025,net_cashflow,159,126.67616980710547
net_cashflow_by_cohort,cohort=2025,net_cashflow,16,705.0651829756946
net_cashflow_by_cohort,cohort=2025,net_cashflow,160,124.26410721632107
net_cashflow_by_cohort,cohort=2025,net_cashflow,161,121.8637120364171
net_cashflow_by_cohort,cohort=2025,net_cashflow,162,119.47493772474958
net_cashflow_by_cohort,cohort=2025,net_cashflow,163,117.09773791309843
net_cashflow_by_cohort,cohort=2025,net_cashflow,164,114.7320664070293
net_cashflow_by_cohort,cohort=2025,net_cashflow,165,112.37787718525763
net_cashflow_by_cohort,cohort=2025,net_cashflow,166,110.03512439901496
net_cashflow_by_cohort,cohort=2025,net_cashflow,167,107.70376237141751
net_cashflow_by_cohort,cohort=2025,net_cashflow,168,103.17446822811749
net_cashflow_by_cohort,cohort=2025,net_cashflow,169,100.87024714157324
net_cashflow_by_cohort,cohort=2025,net_cashflow,17,691.7216740250815
net_cashflow_by_cohort,cohort=2025,net_cashflow,170,98.57732658249878
net_cashflow_by_cohort,cohort=2025,net_cashflow,171,96.2926017068696
net_cashflow_by_cohort,cohort=2025,net_cashflow,172,94.01593010781906
net_cashflow_by_cohort,cohort=2025,net_cashflow,173,91.73591532513218
net_cashflow_by_cohort,cohort=2025,net_cashflow,174,89.45468100095381
net_cashflow_by_cohort,cohort=2025,net_cashflow,175,87.18482972951928
net_cashflow_by_cohort,cohort=2025,net_cashflow,176,84.92631525215465
net_cashflow_by_cohort,cohort=2025,net_cashflow,177,82.67909148594896
net_cashflow_by_cohort,cohort=2025,net_cashflow,178,80.44311252310311
net_cashflow_by_cohort,cohort=2025,net_cashflow,179,-28472.43180155809
net_cashflow_by_cohort,cohort=2025,net_cashflow,18,678.5414598858227
net_cashflow_by_cohort,cohort=2025,net_cashflow,180,49.47736263650787
net_cashflow_by_cohort,cohort=2025,net_cashflow,181,48.009933145532564
net_cashflow_by_cohort,cohort=2025,net_cashflow,182,46.54990991740352
net_cashflow_by_cohort,cohort=2025,net_cashflow,183,45.097262691892006
net_cashflow_by_cohort,cohort=2025,net_cashflow,184,43.651961324166216
net_cashflow_by_cohort,cohort=2025,net_cashflow,185,42.213975784362844
net_cashflow_by_cohort,cohort=2025,net_cashflow,186,40.75494133589397
net_cashflow_by_cohort,cohort=2025,net_cashflow,187,39.30222616466038
net_cashflow_by_cohort,cohort=2025,net_cashflow,188,37.85701630945346
net_cashflow_by_cohort,cohort=2025,net_cashflow,189,36.419280648581434
net_cashflow_by_cohort,cohort=2025,net_cashflow,19,665.5228122111951
net_cashflow_by_cohort,cohort=2025,net_cashflow,190,34.98898818028155
net_cashflow_by_cohort,cohort=2025,net_cashflow,191,33.56610802227131
net_cashflow_by_cohort,cohort=2025,net_cashflow,192,30.371157645069374
net_cashflow_by_cohort,cohort=2025,net_cashflow,193,28.961332550306402
net_cashflow_by_cohort,cohort=2025,net_cashflow,194,27.55891820556691
net_cashflow_by_cohort,cohort=2025,net_cashflow,195,26.16388352078558
net_cashflow_by_cohort,cohort=2025,net_cashflow,196,24.776197526925806
net_cashflow_by_cohort,cohort=2025,net_cashflow,197,23.395829375522585
net_cashflow_by_cohort,cohort=2025,net_cashflow,198,22.02274833822686
net_cashflow_by_cohort,cohort=2025,net_cashflow,199,20.656923806351923
net_cashflow_by_cohort,cohort=2025,net_cashflow,2,862.8110953435613
net_cashflow_by_cohort,cohort=2025,net_cashflow,20,652.6640196841182
net_cashflow_by_cohort,cohort=2025,net_cashflow,200,19.298325290421182
net_cashflow_by_cohort,cohort=2025,net_cashflow,201,17.946922419717886
net_cashflow_by_cohort,cohort=2025,net_cashflow,202,16.60268494183624
net_cashflow_by_cohort,cohort=2025,net_cashflow,203,15.265582722234631
net_cashflow_by_cohort,cohort=2025,net_cashflow,204,11.929099527636932
net_cashflow_by_cohort,cohort=2025,net_cashflow,205,10.604980355229909
net_cashflow_by_cohort,cohort=2025,net_cashflow,206,9.288002991832379
net_cashflow_by_cohort,cohort=2025,net_cashflow,207,7.978137025695881
net_cashflow_by_cohort,cohort=2025,net_cashflow,208,6.675352164908622
net_cashflow_by_cohort,cohort=2025,net_cashflow,209,5.37961823693762
net_cashflow_by_cohort,cohort=2025,net_cashflow,21,639.9633878561951
net_cashflow_by_cohort,cohort=2025,net_cashflow,210,4.090905188172538
net_cashflow_by_cohort,cohort=2025,net_cashflow,211,2.8091830834714533
net_cashflow_by_cohort,cohort=2025,net_cashflow,212,1.5344221057083316
net_cashflow_by_cohort,cohort=2025,net_cashflow,213,0.2665925553219979
net_cashflow_by_cohort,cohort=2025,net_cashflow,214,-0.9943351501330722
net_cashflow_by_cohort,cohort=2025,net_cashflow,215,-2.2483904764341465
net_cashflow_by_cohort,cohort=2025,net_cashflow,216,-5.757069007107795
net_cashflow_by_cohort,cohort=2025,net_cashflow,217,-6.99803073591339
net_cashflow_by_cohort,cohort=2025,net_cashflow,218,-8.232105592577623
net_cashflow_by_cohort,cohort=2025,net_cashflow,219,-9.459323393983471
net_cashflow_by_cohort,cohort=2025,net_cashflow,22,627.4192389882347
net_cashflow_by_cohort,cohort=2025,net_cashflow,220,-10.679713837902254
net_cashflow_by_cohort,cohort=2025,net_cashflow,221,-11.893306503454165
net_cashflow_by_cohort,cohort=2025,net_cashflow,222,-13.100130851567542
net_cashflow_by_cohort,cohort=2025,net_cashflow,223,-14.300216225435989
net_cashflow_by_cohort,cohort=2025,net_cashflow,224,-15.493591850974084
net_cashflow_by_cohort,cohort=2025,net_cashflow,225,-16.680286837271023
net_cashflow_by_cohort,cohort=2025,net_cashflow,226,-17.860330177042893
net_cashflow_by_cohort,cohort=2025,net_cashflow,227,-19.033750747082944
net_cashflow_by_cohort,cohort=2025,net_cashflow,228,-22.74765681216644
net_cashflow_by_cohort,cohort=2025,net_cashflow,229,-23.907662058832855
net_cashflow_by_cohort,cohort=2025,net_cashflow,23,615.0299118922428
net_cashflow_by_cohort,cohort=2025,net_cashflow,230,-25.06102236499605
net_cashflow_by_cohort,cohort=2025,net_cashflow,231,-26.207767037393904
net_cashflow_by_cohort,cohort=2025,net_cashflow,232,-27.347925263870994
net_cashflow_by_cohort,cohort=2025,net_cashflow,233,-28.481526113845348
net_cashflow_by_cohort,cohort=2025,net_cashflow,234,-29.608598538773148
net_cashflow_by_cohort,cohort=2025,net_cashflow,235,-30.729171372611805
net_cashflow_by_cohort,cohort=2025,net_cashflow,236,-31.843273332281264
net_cashflow_by_cohort,cohort=2025,net_cashflow,237,-32.95093301812337
net_cashflow_by_cohort,cohort=2025,net_cashflow,238,-34.05217891435959
net_cashflow_by_cohort,cohort=2025,net_cashflow,239,-19920.591092272905
net_cashflow_by_cohort,cohort=2025,net_cashflow,24,657.3177648157898
net_cashflow_by_cohort,cohort=2025,net_cashflow,240,-24.81774272209578
net_cashflow_by_cohort,cohort=2025,net_cashflow,241,-25.563367539237156
net_cashflow_by_cohort,cohort=2025,net_cashflow,242,-26.304648422565226
net_cashflow_by_cohort,cohort=2025,net_cashflow,243,-27.041604698012584
net_cashflow_by_cohort,cohort=2025,net_cashflow,244,-27.774255612383193
net_cashflow_by_cohort,cohort=2025,net_cashflow,245,-28.502620333666524
net_cashflow_by_cohort,cohort=2025,net_cashflow,246,-29.226717951350295
net_cashflow_by_cohort,cohort=2025,net_cashflow,247,-29.946567476732213
net_cashflow_by_cohort,cohort=2025,net_cashflow,248,-30.662187843230207
net_cashflow_by_cohort,cohort=2025,net_cashflow,249,-31.37359790669156
net_cashflow_by_cohort,cohort=2025,net_cashflow,25,648.1152631376306
net_cashflow_by_cohort,cohort=2025,net_cashflow,250,-32.08081644570093
net_cashflow_by_cohort,cohort=2025,net_cashflow,251,-32.78386216188714
net_cashflow_by_cohort,cohort=2025,net_cashflow,252,-35.46529144112144
net_cashflow_by_cohort,cohort=2025,net_cashflow,253,-36.158057226910074
net_cashflow_by_cohort,cohort=2025,net_cashflow,254,-36.84663529538709
net_cashflow_by_cohort,cohort=2025,net_cashflow,255,-37.53104468976099
net_cashflow_by_cohort,cohort=2025,net_cashflow,256,-38.21130437375301
net_cashflow_by_cohort,cohort=2025,net_cashflow,257,-38.8874332319187
net_cashflow_by_cohort,cohort=2025,net_cashflow,258,-39.55945006996812
net_cashflow_by_cohort,cohort=2025,net_cashflow,259,-40.22737361508484
net_cashflow_by_cohort,cohort=2025,net_cashflow,26,638.9922780329987
net_cashflow_by_cohort,cohort=2025,net_cashflow,260,-40.89122251624344
net_cashflow_by_cohort,cohort=2025,net_cashflow,261,-41.551015344526036
net_cashflow_by_cohort,cohort=2025,net_cashflow,262,-42.20677059343733
net_cashflow_by_cohort,cohort=2025,net_cashflow,263,-42.85850667921864
net_cashflow_by_cohort,cohort=2025,net_cashflow,264,-45.72604955889187
net_cashflow_by_cohort,cohort=2025,net_cashflow,265,-46.366810629883204
net_cashflow_by_cohort,cohort=2025,net_cashflow,266,-47.00353406327972
net_cashflow_by_cohort,cohort=2025,net_cashflow,267,-47.63623867651796
net_cashflow_by_cohort,cohort=2025,net_cashflow,268,-48.26494320675162
net_cashflow_by_cohort,cohort=2025,net_cashflow,269,-48.88966631118307
net_cashflow_by_cohort,cohort=2025,net_cashflow,27,629.9482171890572
net_cashflow_by_cohort,cohort=2025,net_cashflow,270,-49.51042656739412
net_cashflow_by_cohort,cohort=2025,net_cashflow,271,-50.127242473674954
net_cashflow_by_cohort,cohort=2025,net_cashflow,272,-50.7401324493522
net_cashflow_by_cohort,cohort=2025,net_cashflow,273,-51.349114835115046
net_cashflow_by_cohort,cohort=2025,net_cashflow,274,-51.95420789334062
net_cashflow_by_cohort,cohort=2025,net_cashflow,275,-52.55542980841764
net_cashflow_by_cohort,cohort=2025,net_cashflow,276,-55.63536138910915
net_cashflow_by_cohort,cohort=2025,net_cashflow,277,-56.22467197576437
net_cashflow_by_cohort,cohort=2025,net_cashflow,278,-56.810090143195254
net_cashflow_by_cohort,cohort=2025,net_cashflow,279,-57.39163453998464
net_cashflow_by_cohort,cohort=2025,net_cashflow,28,620.982492410011
net_cashflow_by_cohort,cohort=2025,net_cashflow,280,-57.96932373314872
net_cashflow_by_cohort,cohort=2025,net_cashflow,281,-58.54317620848285
net_cashflow_by_cohort,cohort=2025,net_cashflow,282,-59.113210370905776
net_cashflow_by_cohort,cohort=2025,net_cashflow,283,-59.67944454480224
net_cashflow_by_cohort,cohort=2025,net_cashflow,284,-60.24189697436454
net_cashflow_by_cohort,cohort=2025,net_cashflow,285,-60.80058582393218
net_cashflow_by_cohort,cohort=2025,net_cashflow,286,-61.35552917833047
net_cashflow_by_cohort,cohort=2025,net_cashflow,287,-61.906745043207565
net_cashflow_by_cohort,cohort=2025,net_cashflow,288,-65.22699162613732
net_cashflow_by_cohort,cohort=2025,net_cashflow,289,-65.76507872050583
net_cashflow_by_cohort,cohort=2025,net_cashflow,29,612.0945195895551
net_cashflow_by_cohort,cohort=2025,net_cashflow,290,-66.29941530439845
net_cashflow_by_cohort,cohort=2025,net_cashflow,291,-66.83001991368431
net_cashflow_by_cohort,cohort=2025,net_cashflow,292,-67.35691100083551
net_cashflow_by_cohort,cohort=2025,net_cashflow,293,-67.88010693529091
net_cashflow_by_cohort,cohort=2025,net_cashflow,294,-68.39962600381816
net_cashflow_by_cohort,cohort=2025,net_cashflow,295,-68.91548641087415
net_cashflow_by_cohort,cohort=2025,net_cashflow,296,-69.42770627896392
net_cashflow_by_cohort,cohort=2025,net_cashflow,297,-69.93630364899813
net_cashflow_by_cohort,cohort=2025,net_cashflow,298,-70.44129648064875
net_cashflow_by_cohort,cohort=2025,net_cashflow,299,-13357.80581760241
net_cashflow_by_cohort,cohort=2025,net_cashflow,3,844.1889099715331
net_cashflow_by_cohort,cohort=2025,net_cashflow,30,603.283718683505
net_cashflow_by_cohort,cohort=2025,net_cashflow,300,-57.31957803405475
net_cashflow_by_cohort,cohort=2025,net_cashflow,301,-57.66225112432562
net_cashflow_by_cohort,cohort=2025,net_cashflow,302,-58.002208718642635
net_cashflow_by_cohort,cohort=2025,net_cashflow,303,-58.33946536325096
net_cashflow_by_cohort,cohort=2025,net_cashflow,304,-58.67403553413781
net_cashflow_by_cohort,cohort=2025,net_cashflow,305,-59.00593363736006
net_cashflow_by_cohort,cohort=2025,net_cashflow,306,-59.33517400936991
net_cashflow_by_cohort,cohort=2025,net_cashflow,307,-59.66177091733934
net_cashflow_by_cohort,cohort=2025,net_cashflow,308,-59.9857385594829
net_cashflow_by_cohort,cohort=2025,net_cashflow,309,-60.30709106537918
net_cashflow_by_cohort,cohort=2025,net_cashflow,31,594.5495136826042
net_cashflow_by_cohort,cohort=2025,net_cashflow,310,-60.62584249629069
net_cashflow_by_cohort,cohort=2025,net_cashflow,311,-60.94200684548221
net_cashflow_by_cohort,cohort=2025,net_cashflow,312,-64.19496717261136
net_cashflow_by_cohort,cohort=2025,net_cashflow,313,-64.49723369006561
net_cashflow_by_cohort,cohort=2025,net_cashflow,314,-64.79689022284822
net_cashflow_by_cohort,cohort=2025,net_cashflow,315,-65.09395139696304
net_cashflow_by_cohort,cohort=2025,net_cashflow,316,-65.38843176487221
net_cashflow_by_cohort,cohort=2025,net_cashflow,317,-65.68034580585268
net_cashflow_by_cohort,cohort=2025,net_cashflow,318,-65.96970792635099
net_cashflow_by_cohort,cohort=2025,net_cashflow,319,-66.25653246033633
net_cashflow_by_cohort,cohort=2025,net_cashflow,32,585.89133258551
net_cashflow_by_cohort,cohort=2025,net_cashflow,320,-66.54083366965202
net_cashflow_by_cohort,cohort=2025,net_cashflow,321,-66.8226257443651
net_cashflow_by_cohort,cohort=2025,net_cashflow,322,-67.10192280311458
net_cashflow_by_cohort,cohort=2025,net_cashflow,323,-67.37873889345762
net_cashflow_by_cohort,cohort=2025,net_cashflow,324,-70.91891769811758
net_cashflow_by_cohort,cohort=2025,net_cashflow,325,-71.17959991311596
net_cashflow_by_cohort,cohort=2025,net_cashflow,326,-71.43778312449479
net_cashflow_by_cohort,cohort=2025,net_cashflow,327,-71.69348207052724
net_cashflow_by_cohort,cohort=2025,net_cashflow,328,-71.9467114119484
net_cashflow_by_cohort,cohort=2025,net_cashflow,329,-72.19748573234824
net_cashflow_by_cohort,cohort=2025,net_cashflow,33,577.3086073719564
net_cashflow_by_cohort,cohort=2025,net_cashflow,330,-72.44581953856255
net_cashflow_by_cohort,cohort=2025,net_cashflow,331,-72.69172726106197
net_cashflow_by_cohort,cohort=2025,net_cashflow,332,-72.93522325433919
net_cashflow_by_cohort,cohort=2025,net_cashflow,333,-73.17632179729402
net_cashflow_by_cohort,cohort=2025,net_cashflow,334,-73.41503709361655
net_cashflow_by_cohort,cohort=2025,net_cashflow,335,-73.65138327216869
net_cashflow_by_cohort,cohort=2025,net_cashflow,336,-77.50506630480376
net_cashflow_by_cohort,cohort=2025,net_cashflow,337,-77.72257378689142
net_cashflow_by_cohort,cohort=2025,net_cashflow,338,-77.9377022565557
net_cashflow_by_cohort,cohort=2025,net_cashflow,339,-78.15046658473537
net_cashflow_by_cohort,cohort=2025,net_cashflow,34,568.8007739760936
net_cashflow_by_cohort,cohort=2025,net_cashflow,340,-78.36088156004735
net_cashflow_by_cohort,cohort=2025,net_cashflow,341,-78.56896188922494
net_cashflow_by_cohort,cohort=2025,net_cashflow,342,-78.77472219755401
net_cashflow_by_cohort,cohort=2025,net_cashflow,343,-78.97817702930718
net_cashflow_by_cohort,cohort=2025,net_cashflow,344,-79.17934084817503
net_cashflow_by_cohort,cohort=2025,net_cashflow,345,-79.3782280376958
net_cashflow_by_cohort,cohort=2025,net_cashflow,346,-79.57485290168225
net_cashflow_by_cohort,cohort=2025,net_cashflow,347,-79.76922966464647
net_cashflow_by_cohort,cohort=2025,net_cashflow,348,-83.96259721785191
net_cashflow_by_cohort,cohort=2025,net_cashflow,349,-84.13489061012237
net_cashflow_by_cohort,cohort=2025,net_cashflow,35,560.3672722599997
net_cashflow_by_cohort,cohort=2025,net_cashflow,350,-84.30493844579398
net_cashflow_by_cohort,cohort=2025,net_cashflow,351,-84.47275572966183
net_cashflow_by_cohort,cohort=2025,net_cashflow,352,-84.63835737856628
net_cashflow_by_cohort,cohort=2025,net_cashflow,353,-84.80175822188805
net_cashflow_by_cohort,cohort=2025,net_cashflow,354,-84.96297300204083
net_cashflow_by_cohort,cohort=2025,net_cashflow,355,-85.12201637496091
net_cashflow_by_cohort,cohort=2025,net_cashflow,356,-85.27890291059417
net_cashflow_by_cohort,cohort=2025,net_cashflow,357,-85.43364709338046
net_cashflow_by_cohort,cohort=2025,net_cashflow,358,-85.5862633227351
net_cashflow_by_cohort,cohort=2025,net_cashflow,359,-32859.78386056802
net_cashflow_by_cohort,cohort=2025,net_cashflow,36,589.4442268848936
net_cashflow_by_cohort,cohort=2025,net_cashflow,360,0.0
net_cashflow_by_cohort,cohort=2025,net_cashflow,37,582.5774548745009
net_cashflow_by_cohort,cohort=2025,net_cashflow,38,575.7571474353699
net_cashflow_by_cohort,cohort=2025,net_cashflow,39,568.9830343053552
net_cashflow_by_cohort,cohort=2025,net_cashflow,4,825.8909956585422
net_cashflow_by_cohort,cohort=2025,net_cashflow,40,562.254846694248
net_cashflow_by_cohort,cohort=2025,net_cashflow,41,555.572317276023
net_cashflow_by_cohort,cohort=2025,net_cashflow,42,548.9351801811263
net_cashflow_by_cohort,cohort=2025,net_cashflow,43,542.343170988802
net_cashflow_by_cohort,cohort=2025,net_cashflow,44,535.7960267194593
net_cashflow_by_cohort,cohort=2025,net_cashflow,45,529.2934858270783
net_cashflow_by_cohort,cohort=2025,net_cashflow,46,522.8352881916556
net_cashflow_by_cohort,cohort=2025,net_cashflow,47,516.4211751116892
net_cashflow_by_cohort,cohort=2025,net_cashflow,48,534.9783373205447
net_cashflow_by_cohort,cohort=2025,net_cashflow,49,529.3993146493667
net_cashflow_by_cohort,cohort=2025,net_cashflow,5,807.9122243859513
net_cashflow_by_cohort,cohort=2025,net_cashflow,50,523.852145670407
net_cashflow_by_cohort,cohort=2025,net_cashflow,51,518.3366741736694
net_cashflow_by_cohort,cohort=2025,net_cashflow,52,512.852744669538
net_cashflow_by_cohort,cohort=2025,net_cashflow,53,507.40020238554865
net_cashflow_by_cohort,cohort=2025,net_cashflow,54,501.97889326317716
net_cashflow_by_cohort,cohort=2025,net_cashflow,55,496.5886639546393
net_cashflow_by_cohort,cohort=2025,net_cashflow,56,491.2293618197059
net_cashflow_by_cohort,cohort=2025,net_cashflow,57,485.9008349225321
net_cashflow_by_cohort,cohort=2025,net_cashflow,58,480.60293202850045
net_cashflow_by_cohort,cohort=2025,net_cashflow,59,475.3355026010782
net_cashflow_by_cohort,cohort=2025,net_cashflow,6,790.2475449373867
net_cashflow_by_cohort,cohort=2025,net_cashflow,60,483.2361134779039
net_cashflow_by_cohort,cohort=2025,net_cashflow,61,478.37110473299043
net_cashflow_by_cohort,cohort=2025,net_cashflow,62,473.5314000371509
net_cashflow_by_cohort,cohort=2025,net_cashflow,63,468.71688650274524
net_cashflow_by_cohort,cohort=2025,net_cashflow,64,463.92745171709817
net_cashflow_by_cohort,cohort=2025,net_cashflow,65,459.1629837405534
net_cashflow_by_cohort,cohort=2025,net_cashflow,66,454.42337110453286
net_cashflow_by_cohort,cohort=2025,net_cashflow,67,449.7085028096062
net_cashflow_by_cohort,cohort=2025,net_cashflow,68,445.0182683235662
net_cashflow_by_cohort,cohort=2025,net_cashflow,69,440.35255757951313
net_cashflow_by_cohort,cohort=2025,net_cashflow,7,772.8919817875908
net_cashflow_by_cohort,cohort=2025,net_cashflow,70,435.7112609739468
net_cashflow_by_cohort,cohort=2025,net_cashflow,71,431.09426936486625
net_cashflow_by_cohort,cohort=2025,net_cashflow,72,438.1234633948369
net_cashflow_by_cohort,cohort=2025,net_cashflow,73,433.80057115918044
net_cashflow_by_cohort,cohort=2025,net_cashflow,74,429.49851836373836
net_cashflow_by_cohort,cohort=2025,net_cashflow,75,425.21721886551944
net_cashflow_by_cohort,cohort=2025,net_cashflow,76,420.9565868583951
net_cashflow_by_cohort,cohort=2025,net_cashflow,77,416.7165368718132
net_cashflow_by_cohort,cohort=2025,net_cashflow,78,412.4969837695146
net_cashflow_by_cohort,cohort=2025,net_cashflow,79,408.2978427482559
net_cashflow_by_cohort,cohort=2025,net_cashflow,8,755.8406340069735
net_cashflow_by_cohort,cohort=2025,net_cashflow,80,404.11902933653704
net_cashflow_by_cohort,cohort=2025,net_cashflow,81,399.9604593933336
net_cashflow_by_cohort,cohort=2025,net_cashflow,82,395.8220491068327
net_cashflow_by_cohort,cohort=2025,net_cashflow,83,391.7037149931757
net_cashflow_by_cohort,cohort=2025,net_cashflow,84,395.4908863300881
net_cashflow_by_cohort,cohort=2025,net_cashflow,85,391.5643734222288
net_cashflow_by_cohort,cohort=2025,net_cashflow,86,387.65583252597986
net_cashflow_by_cohort,cohort=2025,net_cashflow,87,383.76519315928283
net_cashflow_by_cohort,cohort=2025,net_cashflow,88,379.8923851021899
net_cashflow_by_cohort,cohort=2025,net_cashflow,89,376.0373383959095
net_cashflow_by_cohort,cohort=2025,net_cashflow,9,739.0886741816445
net_cashflow_by_cohort,cohort=2025,net_cashflow,90,372.19998334185505
net_cashflow_by_cohort,cohort=2025,net_cashflow,91,368.38025050069723
net_cashflow_by_cohort,cohort=2025,net_cashflow,92,364.57807069142007
net_cashflow_by_cohort,cohort=2025,net_cashflow,93,360.79337499038
net_cashflow_by_cohort,cohort=2025,net_cashflow,94,357.02609473036813
net_cashflow_by_cohort,cohort=2025,net_cashflow,95,353.2761614996768
net_cashflow_by_cohort,cohort=2025,net_cashflow,96,353.6947384400555
net_cashflow_by_cohort,cohort=2025,net_cashflow,97,350.05715431001244
net_cashflow_by_cohort,cohort=2025,net_cashflow,98,346.43584241077906
net_cashflow_by_cohort,cohort=2025,net_cashflow,99,342.8307405092838
net_cashflow_by_cohort,cohort=2026,net_cashflow,0,889.4254708557592
net_cashflow_by_cohort,cohort=2026,net_cashflow,1,871.8538403739309
net_cashflow_by_cohort,cohort=2026,net_cashflow,10,726.4563085926284
net_cashflow_by_cohort,cohort=2026,net_cashflow,100,309.544951876429
net_cashflow_by_cohort,cohort=2026,net_cashflow,101,306.5279741141759
net_cashflow_by_cohort,cohort=2026,net_cashflow,102,303.5244606329059
net_cashflow_by_cohort,cohort=2026,net_cashflow,103,300.53435978303105
net_cashflow_by_cohort,cohort=2026,net_cashflow,104,297.55762010335565
net_cashflow_by_cohort,cohort=2026,net_cashflow,105,294.59419032040154
net_cashflow_by_cohort,cohort=2026,net_cashflow,106,291.6440193477366
net_cashflow_by_cohort,cohort=2026,net_cashflow,107,288.70705628530544
net_cashflow_by_cohort,cohort=2026,net_cashflow,108,284.0566996717712
net_cashflow_by_cohort,cohort=2026,net_cashflow,109,281.15298277764407
net_cashflow_by_cohort,cohort=2026,net_cashflow,11,711.6382528338106
net_cashflow_by_cohort,cohort=2026,net_cashflow,110,278.2623283033101
net_cashflow_by_cohort,cohort=2026,net_cashflow,111,275.3846858995079
net_cashflow_by_cohort,cohort=2026,net_cashflow,112,272.5200054013968
net_cashflow_by_cohort,cohort=2026,net_cashflow,113,269.6682368278947
net_cashflow_by_cohort,cohort=2026,net_cashflow,114,266.829330381017
net_cashflow_by_cohort,cohort=2026,net_cashflow,115,264.00323644521944
net_cashflow_by_cohort,cohort=2026,net_cashflow,116,261.18990558674216
net_cashflow_by_cohort,cohort=2026,net_cashflow,117,258.38928855295626
net_cashflow_by_cohort,cohort=2026,net_cashflow,118,255.6013362717132
net_cashflow_by_cohort,cohort=2026,net_cashflow,119,-17403.77360330267
net_cashflow_by_cohort,cohort=2026,net_cashflow,12,716.3822984743823
net_cashflow_by_cohort,cohort=2026,net_cashflow,120,174.66616818135847
net_cashflow_by_cohort,cohort=2026,net_cashflow,121,172.7422248323129
net_cashflow_by_cohort,cohort=2026,net_cashflow,122,170.82700908643957
net_cashflow_by_cohort,cohort=2026,net_cashflow,123,168.92048720854615
net_cashflow_by_cohort,cohort=2026,net_cashflow,124,167.0226255871774
net_cashflow_by_cohort,cohort=2026,net_cashflow,125,165.13339073417063
net_cashflow_by_cohort,cohort=2026,net_cashflow,126,163.25274928421186
net_cashflow_by_cohort,cohort=2026,net_cashflow,127,161.38066799439403
net_cashflow_by_cohort,cohort=2026,net_cashflow,128,159.51711374377695
net_cashflow_by_cohort,cohort=2026,net_cashflow,129,157.66205353294822
net_cashflow_by_cohort,cohort=2026,net_cashflow,13,704.1470727363665
net_cashflow_by_cohort,cohort=2026,net_cashflow,130,155.8154544835865
net_cashflow_by_cohort,cohort=2026,net_cashflow,131,153.97728383802547
net_cashflow_by_cohort,cohort=2026,net_cashflow,132,150.7928170678253
net_cashflow_by_cohort,cohort=2026,net_cashflow,133,148.97711471013753
net_cashflow_by_cohort,cohort=2026,net_cashflow,134,147.1697450607816
net_cashflow_by_cohort,cohort=2026,net_cashflow,135,145.37067571148498
net_cashflow_by_cohort,cohort=2026,net_cashflow,136,143.57987437344718
net_cashflow_by_cohort,cohort=2026,net_cashflow,137,141.79516807465325
net_cashflow_by_cohort,cohort=2026,net_cashflow,138,140.0139117419614
net_cashflow_by_cohort,cohort=2026,net_cashflow,139,138.2408876255009
net_cashflow_by_cohort,cohort=2026,net_cashflow,14,692.0576272084512
net_cashflow_by_cohort,cohort=2026,net_cashflow,140,136.47606360678773
net_cashflow_by_cohort,cohort=2026,net_cashflow,141,134.7194076859179
net_cashflow_by_cohort,cohort=2026,net_cashflow,142,132.97088798113856
net_cashflow_by_cohort,cohort=2026,net_cashflow,143,131.23047272842058
net_cashflow_by_cohort,cohort=2026,net_cashflow,144,128.063611642099
net_cashflow_by_cohort,cohort=2026,net_cashflow,145,126.34459383572283
net_cashflow_by_cohort,cohort=2026,net_cashflow,146,124.63359446166743
net_cashflow_by_cohort,cohort=2026,net_cashflow,147,122.93058205070005
net_cashflow_by_cohort,cohort=2026,net_cashflow,148,121.23552525038896
net_cashflow_by_cohort,cohort=2026,net_cashflow,149,119.5483928246786
net_cashflow_by_cohort,cohort=2026,net_cashflow,15,680.1124369727357
net_cashflow_by_cohort,cohort=2026,net_cashflow,150,117.86915365346681
net_cashflow_by_cohort,cohort=2026,net_cashflow,151,116.19777673218296
net_cashflow_by_cohort,cohort=2026,net_cashflow,152,114.53423117136813
net_cashflow_by_cohort,cohort=2026,net_cashflow,153,112.87848619625645
net_cashflow_by_cohort,cohort=2026,net_cashflow,154,111.23051114635817
net_cashflow_by_cohort,cohort=2026,net_cashflow,155,109.59027547504424
net_cashflow_by_cohort,cohort=2026,net_cashflow,156,106.4334432562076
net_cashflow_by_cohort,cohort=2026,net_cashflow,157,104.8141043120426
net_cashflow_by_cohort,cohort=2026,net_cashflow,158,103.20242365364575
net_cashflow_by_cohort,cohort=2026,net_cashflow,159,101.59837099752023
net_cashflow_by_cohort,cohort=2026,net_cashflow,16,668.3099920427576
net_cashflow_by_cohort,cohort=2026,net_cashflow,160,100.00191617327768
net_cashflow_by_cohort,cohort=2026,net_cashflow,161,98.4130291232244
net_cashflow_by_cohort,cohort=2026,net_cashflow,162,96.8316799019495
net_cashflow_by_cohort,cohort=2026,net_cashflow,163,95.25783867591392
net_cashflow_by_cohort,cohort=2026,net_cashflow,164,93.69147572304128
net_cashflow_by_cohort,cohort=2026,net_cashflow,165,92.1325614323103
net_cashflow_by_cohort,cohort=2026,net_cashflow,166,90.58106630334844
net_cashflow_by_cohort,cohort=2026,net_cashflow,167,89.03696094602716
net_cashflow_by_cohort,cohort=2026,net_cashflow,168,85.84556840867779
net_cashflow_by_cohort,cohort=2026,net_cashflow,169,84.28406419251212
net_cashflow_by_cohort,cohort=2026,net_cashflow,17,656.6487972228784
net_cashflow_by_cohort,cohort=2026,net_cashflow,170,82.73023039399638
net_cashflow_by_cohort,cohort=2026,net_cashflow,171,81.18403589731349
net_cashflow_by_cohort,cohort=2026,net_cashflow,172,79.64544970515499
net_cashflow_by_cohort,cohort=2026,net_cashflow,173,78.11444093828126
net_cashflow_by_cohort,cohort=2026,net_cashflow,174,76.59097883508232
net_cashflow_by_cohort,cohort=2026,net_cashflow,175,75.07503275114072
net_cashflow_by_cohort,cohort=2026,net_cashflow,176,73.56657215879619
net_cashflow_by_cohort,cohort=2026,net_cashflow,177,72.06556664671128
net_cashflow_by_cohort,cohort=2026,net_cashflow,178,70.57198591943929
net_cashflow_by_cohort,cohort=2026,net_cashflow,179,-7702.55644045074
net_cashflow_by_cohort,cohort=2026,net_cashflow,18,645.1273719689588
net_cashflow_by_cohort,cohort=2026,net_cashflow,180,56.097569108913156
net_cashflow_by_cohort,cohort=2026,net_cashflow,181,54.83894454454519
net_cashflow_by_cohort,cohort=2026,net_cashflow,182,53.586651870854084
net_cashflow_by_cohort,cohort=2026,net_cashflow,183,52.340665025639076
net_cashflow_by_cohort,cohort=2026,net_cashflow,184,51.100958047122916
net_cashflow_by_cohort,cohort=2026,net_cashflow,185,49.867505073574634
net_cashflow_by_cohort,cohort=2026,net_cashflow,186,48.64028034293385
net_cashflow_by_cohort,cohort=2026,net_cashflow,187,47.41925819243643
net_cashflow_by_cohort,cohort=2026,net_cashflow,188,46.20441305824163
net_cashflow_by_cohort,cohort=2026,net_cashflow,189,44.99571947506047
net_cashflow_by_cohort,cohort=2026,net_cashflow,19,633.7442502503129
net_cashflow_by_cohort,cohort=2026,net_cashflow,190,43.79315207578546
net_cashflow_by_cohort,cohort=2026,net_cashflow,191,42.59668559112205
net_cashflow_by_cohort,cohort=2026,net_cashflow,192,39.821737942226164
net_cashflow_by_cohort,cohort=2026,net_cashflow,193,38.638213416141596
net_cashflow_by_cohort,cohort=2026,net_cashflow,194,37.460775403174836
net_cashflow_by_cohort,cohort=2026,net_cashflow,195,36.2893985109504
net_cashflow_by_cohort,cohort=2026,net_cashflow,196,35.12405744606798
net_cashflow_by_cohort,cohort=2026,net_cashflow,197,33.96472701372676
net_cashflow_by_cohort,cohort=2026,net_cashflow,198,32.81138211735105
net_cashflow_by_cohort,cohort=2026,net_cashflow,199,31.66399775821727
net_cashflow_by_cohort,cohort=2026,net_cashflow,2,854.5773792664362
net_cashflow_by_cohort,cohort=2026,net_cashflow,20,622.4979804129326
net_cashflow_by_cohort,cohort=2026,net_cashflow,200,30.522549035082477
net_cashflow_by_cohort,cohort=2026,net_cashflow,201,29.3870111438141
net_cashflow_by_cohort,cohort=2026,net_cashflow,202,28.2573593770213
net_cashflow_by_cohort,cohort=2026,net_cashflow,203,27.133569123687565
net_cashflow_by_cohort,cohort=2026,net_cashflow,204,24.25809569513005
net_cashflow_by_cohort,cohort=2026,net_cashflow,205,23.14721298252786
net_cashflow_by_cohort,cohort=2026,net_cashflow,206,22.042183378798757
net_cashflow_by_cohort,cohort=2026,net_cashflow,207,20.942982095239906
net_cashflow_by_cohort,cohort=2026,net_cashflow,208,19.84958444103599
net_cashflow_by_cohort,cohort=2026,net_cashflow,209,18.76196582288299
net_cashflow_by_cohort,cohort=2026,net_cashflow,21,611.3871250439679
net_cashflow_by_cohort,cohort=2026,net_cashflow,210,17.680101744613065
net_cashflow_by_cohort,cohort=2026,net_cashflow,211,16.60396780682146
net_cashflow_by_cohort,cohort=2026,net_cashflow,212,15.533539706494194
net_cashflow_by_cohort,cohort=2026,net_cashflow,213,14.46879323663762
net_cashflow_by_cohort,cohort=2026,net_cashflow,214,13.409704285909164
net_cashflow_by_cohort,cohort=2026,net_cashflow,215,12.356248838249492
net_cashflow_by_cohort,cohort=2026,net_cashflow,216,9.358443251957905
net_cashflow_by_cohort,cohort=2026,net_cashflow,217,8.318005989373098
net_cashflow_by_cohort,cohort=2026,net_cashflow,218,7.283199610025027
net_cashflow_by_cohort,cohort=2026,net_cashflow,219,6.253999862155134
net_cashflow_by_cohort,cohort=2026,net_cashflow,22,600.4102608374524
net_cashflow_by_cohort,cohort=2026,net_cashflow,220,5.230382591192342
net_cashflow_by_cohort,cohort=2026,net_cashflow,221,4.212323739374354
net_cashflow_by_cohort,cohort=2026,net_cashflow,222,3.1997993453700175
net_cashflow_by_cohort,cohort=2026,net_cashflow,223,2.1927855439034003
net_cashflow_by_cohort,cohort=2026,net_cashflow,224,1.191258565379034
net_cashflow_by_cohort,cohort=2026,net_cashflow,225,0.19385053314183986
net_cashflow_by_cohort,cohort=2026,net_cashflow,226,-0.8053766669985971
net_cashflow_by_cohort,cohort=2026,net_cashflow,227,-1.8127867317677264
net_cashflow_by_cohort,cohort=2026,net_cashflow,228,-4.989562836042571
net_cashflow_by_cohort,cohort=2026,net_cashflow,229,-5.991195692546647
net_cashflow_by_cohort,cohort=2026,net_cashflow,23,589.5659784612635
net_cashflow_by_cohort,cohort=2026,net_cashflow,230,-6.987129825594705
net_cashflow_by_cohort,cohort=2026,net_cashflow,231,-7.977390541661945
net_cashflow_by_cohort,cohort=2026,net_cashflow,232,-8.962003043472743
net_cashflow_by_cohort,cohort=2026,net_cashflow,233,-9.940992430413191
net_cashflow_by_cohort,cohort=2026,net_cashflow,234,-10.914383698941405
net_cashflow_by_cohort,cohort=2026,net_cashflow,235,-11.882201742996665
net_cashflow_by_cohort,cohort=2026,net_cashflow,236,-12.844471354406627
net_cashflow_by_cohort,cohort=2026,net_cashflow,237,-13.801217223293238
net_cashflow_by_cohort,cohort=2026,net_cashflow,238,-14.75246393847673
net_cashflow_by_cohort,cohort=2026,net_cashflow,239,-16747.658423848483
net_cashflow_by_cohort,cohort=2026,net_cashflow,24,605.0621817549288
net_cashflow_by_cohort,cohort=2026,net_cashflow,240,-16.374050992841983
net_cashflow_by_cohort,cohort=2026,net_cashflow,241,-17.00506701473966
net_cashflow_by_cohort,cohort=2026,net_cashflow,242,-17.632166542717503
net_cashflow_by_cohort,cohort=2026,net_cashflow,243,-18.25536808063777
net_cashflow_by_cohort,cohort=2026,net_cashflow,244,-18.874690052367686
net_cashflow_by_cohort,cohort=2026,net_cashflow,245,-19.490150802113057
net_cashflow_by_cohort,cohort=2026,net_cashflow,246,-20.10176859475017
net_cashflow_by_cohort,cohort=2026,net_cashflow,247,-20.709561616156563
net_cashflow_by_cohort,cohort=2026,net_cashflow,248,-21.313547973540338
net_cashflow_by_cohort,cohort=2026,net_cashflow,249,-21.91374569576815
net_cashflow_by_cohort,cohort=2026,net_cashflow,25,597.1426206068786
net_cashflow_by_cohort,cohort=2026,net_cashflow,250,-22.510172733691793
net_cashflow_by_cohort,cohort=2026,net_cashflow,251,-23.102846960473617
net_cashflow_by_cohort,cohort=2026,net_cashflow,252,-26.075386734235263
net_cashflow_by_cohort,cohort=2026,net_cashflow,253,-26.659102967866033
net_cashflow_by_cohort,cohort=2026,net_cashflow,254,-27.239018942460657
net_cashflow_by_cohort,cohort=2026,net_cashflow,255,-27.81515314629876
net_cashflow_by_cohort,cohort=2026,net_cashflow,256,-28.387523985715156
net_cashflow_by_cohort,cohort=2026,net_cashflow,257,-28.956149785449306
net_cashflow_by_cohort,cohort=2026,net_cashflow,258,-29.521048788993586
net_cashflow_by_cohort,cohort=2026,net_cashflow,259,-30.082239158939846
net_cashflow_by_cohort,cohort=2026,net_cashflow,26,589.2904736987098
net_cashflow_by_cohort,cohort=2026,net_cashflow,260,-30.63973897732465
net_cashflow_by_cohort,cohort=2026,net_cashflow,261,-31.193566245972978
net_cashflow_by_cohort,cohort=2026,net_cashflow,262,-31.7437388868406
net_cashflow_by_cohort,cohort=2026,net_cashflow,263,-32.29027474235494
net_cashflow_by_cohort,cohort=2026,net_cashflow,264,-35.514166946983366
net_cashflow_by_cohort,cohort=2026,net_cashflow,265,-36.05062316066963
net_cashflow_by_cohort,cohort=2026,net_cashflow,266,-36.58339122519033
net_cashflow_by_cohort,cohort=2026,net_cashflow,267,-37.11248968074722
net_cashflow_by_cohort,cohort=2026,net_cashflow,268,-37.63793698304234
net_cashflow_by_cohort,cohort=2026,net_cashflow,269,-38.15975150364805
net_cashflow_by_cohort,cohort=2026,net_cashflow,27,581.5052417560305
net_cashflow_by_cohort,cohort=2026,net_cashflow,270,-38.677951530375395
net_cashflow_by_cohort,cohort=2026,net_cashflow,271,-39.19255526764091
net_cashflow_by_cohort,cohort=2026,net_cashflow,272,-39.70358083683198
net_cashflow_by_cohort,cohort=2026,net_cashflow,273,-40.211046276670366
net_cashflow_by_cohort,cohort=2026,net_cashflow,274,-40.71496954357439
net_cashflow_by_cohort,cohort=2026,net_cashflow,275,-41.215368512019495
net_cashflow_by_cohort,cohort=2026,net_cashflow,276,-44.721663772211194
net_cashflow_by_cohort,cohort=2026,net_cashflow,277,-45.2105325219499
net_cashflow_by_cohort,cohort=2026,net_cashflow,278,-45.695822772974495
net_cashflow_by_cohort,cohort=2026,net_cashflow,279,-46.17755318609031
net_cashflow_by_cohort,cohort=2026,net_cashflow,28,573.7864289661379
net_cashflow_by_cohort,cohort=2026,net_cashflow,280,-46.65574233435823
net_cashflow_by_cohort,cohort=2026,net_cashflow,281,-47.13040870349027
net_cashflow_by_cohort,cohort=2026,net_cashflow,282,-47.60157069224345
net_cashflow_by_cohort,cohort=2026,net_cashflow,283,-48.06924661281183
net_cashflow_by_cohort,cohort=2026,net_cashflow,284,-48.53345469121689
net_cashflow_by_cohort,cohort=2026,net_cashflow,285,-48.994213067696165
net_cashflow_by_cohort,cohort=2026,net_cashflow,286,-49.45153979709013
net_cashflow_by_cohort,cohort=2026,net_cashflow,287,-49.905452849227366
net_cashflow_by_cohort,cohort=2026,net_cashflow,288,-53.72684634113655
net_cashflow_by_cohort,cohort=2026,net_cashflow,289,-54.16739187731999
net_cashflow_by_cohort,cohort=2026,net_cashflow,29,566.1335429548775
net_cashflow_by_cohort,cohort=2026,net_cashflow,290,-54.604468198373965
net_cashflow_by_cohort,cohort=2026,net_cashflow,291,-55.038094154508684
net_cashflow_by_cohort,cohort=2026,net_cashflow,292,-55.468288504155616
net_cashflow_by_cohort,cohort=2026,net_cashflow,293,-55.89506991439504
net_cashflow_by_cohort,cohort=2026,net_cashflow,294,-56.31845696138147
net_cashflow_by_cohort,cohort=2026,net_cashflow,295,-56.738468130767316
net_cashflow_by_cohort,cohort=2026,net_cashflow,296,-57.15512181812447
net_cashflow_by_cohort,cohort=2026,net_cashflow,297,-57.56843632936402
net_cashflow_by_cohort,cohort=2026,net_cashflow,298,-57.97842988115411
net_cashflow_by_cohort,cohort=2026,net_cashflow,299,-25827.62919268843
net_cashflow_by_cohort,cohort=2026,net_cashflow,3,837.5915086177363
net_cashflow_by_cohort,cohort=2026,net_cashflow,30,558.5460947636491
net_cashflow_by_cohort,cohort=2026,net_cashflow,300,-15.367591851483633
net_cashflow_by_cohort,cohort=2026,net_cashflow,301,-15.4743318720962
net_cashflow_by_cohort,cohort=2026,net_cashflow,302,-15.580214504849515
net_cashflow_by_cohort,cohort=2026,net_cashflow,303,-15.685244343125122
net_cashflow_by_cohort,cohort=2026,net_cashflow,304,-15.78942595854112
net_cashflow_by_cohort,cohort=2026,net_cashflow,305,-15.89276390104993
net_cashflow_by_cohort,cohort=2026,net_cashflow,306,-15.99526269903572
net_cashflow_by_cohort,cohort=2026,net_cashflow,307,-16.096926859411386
net_cashflow_by_cohort,cohort=2026,net_cashflow,308,-16.19776086771507
net_cashflow_by_cohort,cohort=2026,net_cashflow,309,-16.297769188206303
net_cashflow_by_cohort,cohort=2026,net_cashflow,31,551.0235988265662
net_cashflow_by_cohort,cohort=2026,net_cashflow,310,-16.396956263961673
net_cashflow_by_cohort,cohort=2026,net_cashflow,311,-16.495326516970138
net_cashflow_by_cohort,cohort=2026,net_cashflow,312,-17.606310687594966
net_cashflow_by_cohort,cohort=2026,net_cashflow,313,-17.700636913054787
net_cashflow_by_cohort,cohort=2026,net_cashflow,314,-17.794133292824583
net_cashflow_by_cohort,cohort=2026,net_cashflow,315,-17.88680446963487
net_cashflow_by_cohort,cohort=2026,net_cashflow,316,-17.978655063463624
net_cashflow_by_cohort,cohort=2026,net_cashflow,317,-18.06968967164165
net_cashflow_by_cohort,cohort=2026,net_cashflow,318,-18.159912868957456
net_cashflow_by_cohort,cohort=2026,net_cashflow,319,-18.249329207761683
net_cashflow_by_cohort,cohort=2026,net_cashflow,32,543.5655729477635
net_cashflow_by_cohort,cohort=2026,net_cashflow,320,-18.33794321807102
net_cashflow_by_cohort,cohort=2026,net_cashflow,321,-18.425759407671713
net_cashflow_by_cohort,cohort=2026,net_cashflow,322,-18.512782262222586
net_cashflow_by_cohort,cohort=2026,net_cashflow,323,-18.59901624535752
net_cashflow_by_cohort,cohort=2026,net_cashflow,324,-19.814278033571178
net_cashflow_by_cohort,cohort=2026,net_cashflow,325,-19.895786281654328
net_cashflow_by_cohort,cohort=2026,net_cashflow,326,-19.976493114344915
net_cashflow_by_cohort,cohort=2026,net_cashflow,327,-20.056403239527732
net_cashflow_by_cohort,cohort=2026,net_cashflow,328,-20.135521341134314
net_cashflow_by_cohort,cohort=2026,net_cashflow,329,-20.2138520792575
net_cashflow_by_cohort,cohort=2026,net_cashflow,33,536.1715382788539
net_cashflow_by_cohort,cohort=2026,net_cashflow,330,-20.291400090265615
net_cashflow_by_cohort,cohort=2026,net_cashflow,331,-20.36816998691599
net_cashflow_by_cohort,cohort=2026,net_cashflow,332,-20.444166358468063
net_cashflow_by_cohort,cohort=2026,net_cashflow,333,-20.519393770795826
net_cashflow_by_cohort,cohort=2026,net_cashflow,334,-20.593856766499858
net_cashflow_by_cohort,cohort=2026,net_cashflow,335,-20.66755986501886
net_cashflow_by_cohort,cohort=2026,net_cashflow,336,-21.99750320652329
net_cashflow_by_cohort,cohort=2026,net_cashflow,337,-22.065647781458367
net_cashflow_by_cohort,cohort=2026,net_cashflow,338,-22.13302114909724
net_cashflow_by_cohort,cohort=2026,net_cashflow,339,-22.199628097090145
net_cashflow_by_cohort,cohort=2026,net_cashflow,34,528.8410192965313
net_cashflow_by_cohort,cohort=2026,net_cashflow,340,-22.265473387691948
net_cashflow_by_cohort,cohort=2026,net_cashflow,341,-22.33056175788825
net_cashflow_by_cohort,cohort=2026,net_cashflow,342,-22.394897919520815
net_cashflow_by_cohort,cohort=2026,net_cashflow,343,-22.458486559412357
net_cashflow_by_cohort,cohort=2026,net_cashflow,344,-22.521332339490854
net_cashflow_by_cohort,cohort=2026,net_cashflow,345,-22.583439896913124
net_cashflow_by_cohort,cohort=2026,net_cashflow,346,-22.644813844187905
net_cashflow_by_cohort,cohort=2026,net_cashflow,347,-22.705458769298325
net_cashflow_by_cohort,cohort=2026,net_cashflow,348,-24.16077987964403
net_cashflow_by_cohort,cohort=2026,net_cashflow,349,-24.21485640285626
net_cashflow_by_cohort,cohort=2026,net_cashflow,35,521.5735437803223
net_cashflow_by_cohort,cohort=2026,net_cashflow,350,-24.268194834179862
net_cashflow_by_cohort,cohort=2026,net_cashflow,351,-24.320800053367552
net_cashflow_by_cohort,cohort=2026,net_cashflow,352,-24.372676913060726
net_cashflow_by_cohort,cohort=2026,net_cashflow,353,-24.423830238929494
net_cashflow_by_cohort,cohort=2026,net_cashflow,354,-24.474264829812107
net_cashflow_by_cohort,cohort=2026,net_cashflow,355,-24.523985457853627
net_cashflow_by_cohort,cohort=2026,net_cashflow,356,-24.57299686864394
net_cashflow_by_cohort,cohort=2026,net_cashflow,357,-24.62130378135506
net_cashflow_by_cohort,cohort=2026,net_cashflow,358,-24.668910888877747
net_cashflow_by_cohort,cohort=2026,net_cashflow,359,-9013.588643930509
net_cashflow_by_cohort,cohort=2026,net_cashflow,36,535.6439403517453
net_cashflow_by_cohort,cohort=2026,net_cashflow,360,0.0
net_cashflow_by_cohort,cohort=2026,net_cashflow,37,529.7816426430498
net_cashflow_by_cohort,cohort=2026,net_cashflow,38,523.9585556085503
net_cashflow_by_cohort,cohort=2026,net_cashflow,39,518.1744520037716
net_cashflow_by_cohort,cohort=2026,net_cashflow,4,820.8917172880299
net_cashflow_by_cohort,cohort=2026,net_cashflow,40,512.4291058207995
net_cashflow_by_cohort,cohort=2026,net_cashflow,41,506.7222922817642
net_cashflow_by_cohort,cohort=2026,net_cashflow,42,501.0537878323589
net_cashflow_by_cohort,cohort=2026,net_cashflow,43,495.4233701353913
net_cashflow_by_cohort,cohort=2026,net_cashflow,44,489.83081806436854
net_cashflow_by_cohort,cohort=2026,net_cashflow,45,484.27591169711553
net_cashflow_by_cohort,cohort=2026,net_cashflow,46,478.758432309426
net_cashflow_by_cohort,cohort=2026,net_cashflow,47,473.2781623687471
net_cashflow_by_cohort,cohort=2026,net_cashflow,48,483.141122191445
net_cashflow_by_cohort,cohort=2026,net_cashflow,49,478.40044179671986
net_cashflow_by_cohort,cohort=2026,net_cashflow,5,804.4735609403214
net_cashflow_by_cohort,cohort=2026,net_cashflow,50,473.68657867353596
net_cashflow_by_cohort,cohort=2026,net_cashflow,51,468.9994015720468
net_cashflow_by_cohort,cohort=2026,net_cashflow,52,464.33877984795475
net_cashflow_by_cohort,cohort=2026,net_cashflow,53,459.7045834597927
net_cashflow_by_cohort,cohort=2026,net_cashflow,54,455.09668296621936
net_cashflow_by_cohort,cohort=2026,net_cashflow,55,450.51494952332575
net_cashflow_by_cohort,cohort=2026,net_cashflow,56,445.95925488195417
net_cashflow_by_cohort,cohort=2026,net_cashflow,57,441.42947138502865
net_cashflow_by_cohort,cohort=2026,net_cashflow,58,436.92547196489693
net_cashflow_by_cohort,cohort=2026,net_cashflow,59,432.447130140685
net_cashflow_by_cohort,cohort=2026,net_cashflow,6,788.3326610811637
net_cashflow_by_cohort,cohort=2026,net_cashflow,60,436.279303685201
net_cashflow_by_cohort,cohort=2026,net_cashflow,61,432.1550501036422
net_cashflow_by_cohort,cohort=2026,net_cashflow,62,428.0520781889992
net_cashflow_by_cohort,cohort=2026,net_cashflow,63,423.97029307966176
net_cashflow_by_cohort,cohort=2026,net_cashflow,64,419.9096003137307
net_cashflow_by_cohort,cohort=2026,net_cashflow,65,415.86990582737576
net_cashflow_by_cohort,cohort=2026,net_cashflow,66,411.85111595319916
net_cashflow_by_cohort,cohort=2026,net_cashflow,67,407.8531374186059
net_cashflow_by_cohort,cohort=2026,net_cashflow,68,403.87587734418116
net_cashflow_by_cohort,cohort=2026,net_cashflow,69,399.9192432420738
net_cashflow_by_cohort,cohort=2026,net_cashflow,7,772.4647041148809
net_cashflow_by_cohort,cohort=2026,net_cashflow,70,395.98314301438637
net_cashflow_by_cohort,cohort=2026,net_cashflow,71,392.0674849515723
net_cashflow_by_cohort,cohort=2026,net_cashflow,72,395.7202902460321
net_cashflow_by_cohort,cohort=2026,net_cashflow,73,392.0625518011586
net_cashflow_by_cohort,cohort=2026,net_cashflow,74,388.4223292701061
net_cashflow_by_cohort,cohort=2026,net_cashflow,75,384.79955022749294
net_cashflow_by_cohort,cohort=2026,net_cashflow,76,381.19414253187676
net_cashflow_by_cohort,cohort=2026,net_cashflow,77,377.60603432466564
net_cashflow_by_cohort,cohort=2026,net_cashflow,78,374.0351540290338
net_cashflow_by_cohort,cohort=2026,net_cashflow,79,370.4814303488407
net_cashflow_by_cohort,cohort=2026,net_cashflow,8,756.86544041109
net_cashflow_by_cohort,cohort=2026,net_cashflow,80,366.9447922675546
net_cashflow_by_cohort,cohort=2026,net_cashflow,81,363.4251690471808
net_cashflow_by_cohort,cohort=2026,net_cashflow,82,359.92249022719176
net_cashflow_by_cohort,cohort=2026,net_cashflow,83,356.4366856234647
net_cashflow_by_cohort,cohort=2026,net_cashflow,84,358.0697608632681
net_cashflow_by_cohort,cohort=2026,net_cashflow,85,354.75189775381807
net_cashflow_by_cohort,cohort=2026,net_cashflow,86,351.44913611117494
net_cashflow_by_cohort,cohort=2026,net_cashflow,87,348.16141663068663
net_cashflow_by_cohort,cohort=2026,net_cashflow,88,344.88868022903546
net_cashflow_by_cohort,cohort=2026,net_cashflow,89,341.6308680434293
net_cashflow_by_cohort,cohort=2026,net_cashflow,9,741.5306833853301
net_cashflow_by_cohort,cohort=2026,net_cashflow,90,338.3879214307946
net_cashflow_by_cohort,cohort=2026,net_cashflow,91,335.1597819669726
net_cashflow_by_cohort,cohort=2026,net_cashflow,92,331.9463914459181
net_cashflow_by_cohort,cohort=2026,net_cashflow,93,328.74769187890183
net_cashflow_by_cohort,cohort=2026,net_cashflow,94,325.5636254937152
net_cashflow_by_cohort,cohort=2026,net_cashflow,95,322.3941347338781
net_cashflow_by_cohort,cohort=2026,net_cashflow,96,321.7485453586989
net_cashflow_by_cohort,cohort=2026,net_cashflow,97,318.6771901850674
net_cashflow_by_cohort,cohort=2026,net_cashflow,98,315.61950778825656
net_cashflow_by_cohort,cohort=2026,net_cashflow,99,312.57544575832134
