t,model.account_at_maturity,model.allocated_premium,model.cost_of_insurance,model.death_claims,model.deaths,model.guarantee_cost,model.management_charge,model.maturities,model.maturity_claims,model.net_cashflow,model.policy_fee,model.premium_income,model.renewal_expenses,model.surrender_claims,model.surrenders
0,0.0,60.0,1.566839341366755,1.4243994012425043,5.697597604970017e-05,0.0,0.0,0.0,0.0,95.17560059875748,6.0,100.0,3.4,0.0,0.012968905016781699
1,0.0,60.0,1.563538473031535,1.405845344155659,5.623381376622636e-05,0.0,0.13351499220010932,0.0,0.0,93.30890042536093,6.0,98.69741190071686,3.355712004624373,0.6269541265758841,0.012799973603425767
2,0.0,60.0,1.560231041684904,1.3875329700083614,5.5501318800334455e-05,0.0,0.2672954480081023,0.0,0.0,91.47345198063549,6.0,97.41179115899766,3.3120008994059202,1.238805308947893,0.012633242670556159
3,0.0,60.0,1.5569170342778345,1.3694591306674024,5.47783652266961e-05,0.0,0.4013418952368181,0.0,0.0,89.66877144328699,6.0,96.14291676006201,3.268859169842108,1.8358270162655144,0.012468683554975935
4,0.0,60.0,1.5535964377353553,1.3516207190067826,5.40648287602713e-05,0.0,0.5356548627485295,0.0,0.0,87.89438214323374,6.0,94.89057056804174,3.226279399313419,2.4182883064877947,0.012306267966851544
5,0.0,60.0,1.5502692389564983,1.3340146683735552,5.3360586734942205e-05,0.0,0.6702348804570291,0.0,0.0,86.14981445906263,6.0,93.65453728848057,3.184254267808339,2.9864538932360523,0.012145967984849442
6,0.0,60.0,1.5469354248142473,1.3166379520606295,5.2665518082425184e-05,0.0,0.8050824793297203,0.0,0.0,84.43460571692466,6.0,92.43460443132211,3.142776550664952,3.5405842116718644,0.011987756051336052
7,0.0,60.0,1.5435949821554853,1.2994875827864425,5.19795033114577e-05,0.0,0.9401981913897122,0.0,0.0,82.74830009085073,6.0,91.23056227438026,3.101839117328929,4.080935483414151,0.011831604967640253
8,0.0,60.0,1.5402478978009446,1.2825606121814042,5.130242448725617e-05,0.0,1.0755825497179181,0.0,0.0,81.09044850446698,6.0,90.04220382728509,3.0614349301276933,4.607759780509034,0.01167748788937758
9,0.0,60.0,1.5368941585451523,1.2658541302810362,5.0634165211241447e-05,0.0,1.2112360884551598,0.0,0.0,79.4606085340911,6.0,88.8693247958986,3.0215570430605525,5.121305088465919,0.011525378321835316
10,0.0,60.0,1.533533751156381,1.2493652650257112,4.997461060102845e-05,0.0,1.347159342804274,0.0,0.0,77.85834431319057,6.0,87.71172354719396,2.9821986006045944,5.62181536837308,0.011375250115417731
11,0.0,60.0,1.5301666623765937,1.233091181766909,4.932364727067636e-05,0.0,1.4833528490322239,0.0,0.0,76.28322643818319,6.0,86.56920107459207,2.9433528365361306,6.109530618105832,0.011227077461150608
12,0.0,100.0,1.581765417096742,1.2608485023208775,5.04339400928351e-05,0.0,1.619817144472215,0.0,0.0,76.7792740652569,6.168,85.44156096374994,2.986353438804988,4.415084957367167,0.007311854777249128
13,0.0,100.0,1.5756689327003826,1.2499840815422671,4.9999363261690687e-05,0.0,1.8578403772101775,0.0,0.0,75.47450381211591,6.168,84.70533209201574,2.960620767280134,5.02022343107742,0.007248850326812855
14,0.0,100.0,1.5695603130395057,1.2392132767997133,4.956853107198853e-05,0.0,2.0963374034826887,0.0,0.0,74.18524934022066,6.168,83.97544712300828,2.9351098278433856,5.615874678144505,0.007186388770197056
15,0.0,100.0,1.5634395339584455,1.2285352814269066,4.914141125707627e-05,0.0,2.3353091663922796,0.0,0.0,72.91134856746616,6.168,83.25185139288138,2.9098187098839903,6.202148834104321,0.0071244654294194895
16,0.0,100.0,1.5573065712534522,1.2179492957083835,4.871797182833534e-05,0.0,2.574756610918761,0.0,0.0,71.65264099695055,6.168,82.53449070881372,2.8847455192544573,6.779154896900341,0.007063075666806934
17,0.0,100.0,1.551161400672598,1.2074545268196306,4.829818107278522e-05,0.0,2.814680683922958,0.0,0.0,70.40896770206307,6.168,81.82331134495018,2.8598883781286992,7.347000737938788,0.007002214884647854
18,0.0,100.0,1.545003997915681,1.1970501887677085,4.788200755070834e-05,0.0,3.055082334150455,0.0,0.0,69.1801713117088,6.168,81.11826003837812,2.8352454248613923,7.905793113040218,0.006941878524848062
19,0.0,100.0,1.5388343386341286,1.1867355023323851,4.7469420093295405e-05,0.0,3.2959625122353478,0.0,0.0,67.96609599566884,6.168,80.41928398513825,2.8108148138485523,8.455637673288475,0.006882062068589345
20,0.0,100.0,1.5326523984309017,1.1765096950077767,4.706038780031107e-05,0.0,3.537322170704003,0.0,0.0,66.76658745009495,6.168,79.72633083627,2.786594715389309,8.996638975777953,0.00682276103599103
21,0.0,100.0,1.5264581528603982,1.166372000944493,4.6654880037779714e-05,0.0,3.7791622639788236,0.0,0.0,65.5814928831374,6.168,79.03934869389087,2.7625833155488735,9.528900494260093,0.006763970985774475
22,0.0,100.0,1.5202515774283556,1.1563216608922782,4.625286643569113e-05,0.0,4.021483748382024,0.0,0.0,64.41066100070466,6.168,78.35828610730964,2.7387788160226867,10.05252462969002,0.0067056875149304395
23,0.0,100.0,1.5140326475917552,1.1463579221431497,4.585431688572599e-05,0.0,4.26428758213941,0.0,0.0,63.253941992353866,6.168,77.68309206917303,2.715179434001736,10.567612720674278,0.00664790625838933
24,0.0,100.0,1.5667130624046364,1.180883764771522,4.723535059086088e-05,0.0,4.507574725384171,0.0,0.0,64.90560523789419,6.340704,77.01371601164553,2.767153337296127,8.160073671683694,0.004780421639886579
25,0.0,100.0,1.5602410964227325,1.1734813148480845,4.693925259392338e-05,0.0,4.750756357451649,0.0,0.0,64.06126736816103,6.340704,76.5309503125978,2.7498072490350434,8.546394380553634,0.004750455242805131
26,0.0,100.0,1.5537562312749635,1.1661252676837528,4.664501070735011e-05,0.0,4.994422670714341,0.0,0.0,63.224098161051444,6.340704,76.05121086305789,2.7325698959039957,8.928417538418692,0.004720676692115003
27,0.0,100.0,1.5472584412522197,1.1588153323996866,4.635261329598746e-05,0.0,5.238574631182136,0.0,0.0,62.39404463561284,6.340704,75.57447869277564,2.7154405962894512,9.306178128473658,0.004691084810288361
28,0.0,100.0,1.5407477005941514,1.1515512199404385,4.6062048797617545e-05,0.0,5.483213206790258,0.0,0.0,61.5710541774986,6.340704,75.10073495041722,2.6984186728506177,9.679710880127558,0.0046616784271787766
29,0.0,100.0,1.534223983489067,1.1443326430625254,4.5773305722501016e-05,0.0,5.72833936740311,0.0,0.0,60.75507453652196,6.340704,74.62996090281958,2.681503452492659,10.049050270742432,0.004632456379974972
30,0.0,100.0,1.527687264073829,1.1371593163230689,4.548637265292276e-05,0.0,5.973954084818111,0.0,0.0,59.94605382422611,6.340704,74.16213793424981,2.6646942663400806,10.41423052736056,0.0046034175131548245
31,0.0,100.0,1.521137516433753,1.1300309560685096,4.520123824274038e-05,0.0,6.220058332769555,0.0,0.0,59.14394051147,6.340704,73.69724754566904,2.6479904497102784,10.775285628420257,0.004574560678439684
32,0.0,100.0,1.5145747146025055,1.1229472804233878,4.491789121693551e-05,0.0,6.46665308693247,0.0,0.0,58.34868342602993,6.340704,73.23527135400082,2.631391342087257,11.132249305460242,0.004545884734748961
33,0.0,100.0,1.5079988325619982,1.1159080092792013,4.4636320371168055e-05,0.0,6.713739324926483,0.0,0.0,57.56023175021676,6.340704,72.77619109140421,2.6148962870955095,11.485155044812748,0.004517388548155008
34,0.0,100.0,1.5014098442422874,1.1089128642833257,4.4356514571333026e-05,0.0,6.961318026319702,0.0,0.0,56.77853501850886,6.340704,72.3199886045516,2.5985046324740635,11.834036089285352,0.004489070991838279
35,0.0,100.0,1.4948077235214705,1.1019615688280093,4.407846275312037e-05,0.0,7.209390172632593,0.0,0.0,56.00354311520027,6.340704,71.86664585391064,2.582215730050689,12.178925439831673,0.004460930946042775
36,0.0,100.0,1.5511004183675925,1.1413433043687358,4.565373217474943e-05,0.0,7.457956747341873,0.0,0.0,57.515307469821465,6.518243712,71.41614491303105,2.637877745916324,10.121616392924524,0.0035468642840648617
37,0.0,100.0,1.5442087434747598,1.1356018905908674,4.54240756236347e-05,0.0,7.706406463602204,0.0,0.0,56.89049341139964,6.518243712,71.05689311140708,2.62460816473355,10.406189644683026,0.003529022136666431
38,0.0,100.0,1.5373033131588942,1.1298893584229779,4.519557433691912e-05,0.0,7.955352072516036,0.0,0.0,56.26984381187393,6.518243712,70.69944849017807,2.6114053348568365,10.688309985024336,0.0035112697424128326
39,0.0,100.0,1.5303840999648894,1.124205562579006,4.496822250316024e-05,0.0,8.204794563859199,0.0,0.0,55.653334612721764,6.518243712,70.34380195850311,2.598268920500388,10.967992862701944,0.003493606649809814
40,0.0,100.0,1.5234510763828408,1.1185503585037369,4.4742014340149476e-05,0.0,8.45473492938306,0.0,0.0,55.04094188591184,6.518243712,69.98994447127181,2.5851985875675476,11.245253639288684,0.003476032409634318
41,0.0,100.0,1.5165042148479355,1.1129236023691267,4.451694409476507e-05,0.0,8.705174162818473,0.0,0.0,54.43264183321884,6.518243712,69.63786702887437,2.572194003642297,11.520107589644114,0.0034585465749230613
42,0.0,100.0,1.5095434877403426,1.1073251510706448,4.429300604282579e-05,0.0,8.956113259879727,0.0,0.0,53.82841078554168,6.518243712,69.28756067697257,2.559254837980805,11.792569902379459,0.0034411487009611643
43,0.0,100.0,1.5025688673851034,1.1017548622236328,4.407019448894531e-05,0.0,9.207553218268503,0.0,0.0,53.228225202225424,6.518243712,68.93901650627218,2.546380761503013,12.06265568032011,0.0034238383452708412
44,0.0,100.0,1.4955803260520213,1.0962125941596845,4.384850376638738e-05,0.0,9.459495037677843,0.0,0.0,52.63206167038653,6.518243712,68.59222565229621,2.5335714467842676,12.330379940965734,0.003406615067600146
45,0.0,100.0,1.4885778359555515,1.0906982059230426,4.36279282369217e-05,0.0,9.711939719796128,0.0,0.0,52.039896904241566,6.518243712,68.24717929515957,2.5208265680469926,12.59575761694796,0.003389478429911777
46,0.0,100.0,1.4815613692546916,1.0852115572670133,4.340846229068054e-05,0.0,9.964888268311048,0.0,0.0,51.45170774443959,6.518243712,67.9038686593447,2.508145801152402,12.85880355648569,0.0033724279963719354
47,0.0,100.0,1.4745308980528695,1.0797525086504003,4.3190100346016013e-05,0.0,10.218341688913611,0.0,0.0,50.86747115739775,6.518243712,67.56228501347844,2.49552882359226,13.11953252383803,0.00335546333333924
48,0.0,100.0,1.534361951643557,1.1232793378451986,4.493117351380794e-05,0.0,10.472300989302122,0.0,0.0,51.939681220871854,6.700754535936001,67.22241967010991,2.5524986232861337,11.60696048810672,0.0028670588431417322
49,0.0,100.0,1.527000135924948,1.1184134341276994,4.473653736510798e-05,0.0,10.726132145548718,0.0,0.0,51.43457039070554,6.700754535936001,66.93122066844435,2.541441522775601,11.836795320835515,0.002854639107628842
50,0.0,100.0,1.5196236027100434,1.1135686088883583,4.454274435553433e-05,0.0,10.980470752571684,0.0,0.0,50.93230348791506,6.700754535936001,66.64128310394496,2.5304323202230083,12.06497868691854,0.00284227317283601
51,0.0,100.0,1.5122323225761145,1.1087447708178795,4.4349790832715176e-05,0.0,11.235317824849677,0.0,0.0,50.432866657379066,6.700754535936001,66.3526015122258,2.5194708081404724,12.291519275888382,0.002829960805705336
52,0.0,100.0,1.504826266041614,1.1039418290025074,4.415767316010029e-05,0.0,11.490674378889462,0.0,0.0,49.93624610759029,6.700754535936001,66.065170452572,2.508556779938923,12.516425736040281,0.0028177017741884973
53,0.0,100.0,1.497405403566055,1.0991596929223133,4.396638771689253e-05,0.0,11.74654143322998,0.0,0.0,49.44242811037141,6.700754535936001,65.77898450783715,2.4976900299242044,12.739706674619223,0.002805495847242375
54,0.0,100.0,1.4899697055498937,1.09439827244949,4.37759308979796e-05,0.0,12.002920008446393,0.0,0.0,48.95139900059241,6.700754535936001,65.49403828434123,2.486870353293205,12.96137065800612,0.0027933427948246994
55,0.0,100.0,1.4825191423344126,1.0896574778466515,4.358629911386606e-05,0.0,12.259811127154165,0.0,0.0,48.46314517588907,6.700754535936001,65.21032641176896,2.4760975461299926,13.181426211903242,0.0027812423878897157
56,0.0,100.0,1.4750536842016015,1.0849372197651437,4.3397488790605746e-05,0.0,12.517215814013138,0.0,0.0,47.977653096382724,6.700754535936001,64.9278435430686,2.465371405401973,13.399881821518761,0.0027691943983838645
57,0.0,100.0,1.4675733013740389,1.080237409243359,4.320949636973436e-05,0.0,12.775135095731622,0.0,0.0,47.4949092844012,6.700754535936001,64.64658435435116,2.454691728956065,13.616745931750538,0.002757198599241488
58,0.0,100.0,1.4600779640147727,1.0755579577050605,4.302231830820242e-05,0.0,13.033570001070487,0.0,0.0,47.01490032420107,6.700754535936001,64.36654354479005,2.4440583155148863,13.832026947369028,0.002745254764380545
59,0.0,100.0,1.4525676422272025,1.0708987769577119,4.2835951078308474e-05,0.0,13.29252156084726,0.0,0.0,46.53761286169106,6.700754535936001,64.08771583652117,2.4334709646729644,14.045733233199439,0.0027333626686983554
60,0.0,100.0,1.5158645767429284,1.1185177223590725,4.4740708894362904e-05,0.0,13.551990807940259,0.0,0.0,46.975025222851045,6.8883756629422095,63.81009597454349,2.4907715022459613,13.22578152708741,0.0024990177653571727
61,0.0,100.0,1.5079746603032875,1.114058805801438,4.456235223205752e-05,0.0,13.811320681007931,0.0,0.0,46.535682931409944,6.8883756629422095,63.555720127118335,2.4808421626649797,13.425136227241982,0.0024890555524489386
62,0.0,100.0,1.5000689420481514,1.1096176644980267,4.4384706579921065e-05,0.0,14.071169936357796,0.0,0.0,46.09859410889644,6.8883756629422095,63.30235833665023,2.470952405913827,13.623194157341935,0.0024791330534184547
63,0.0,100.0,1.492147390329862,1.1051942275886508,4.420776910354603e-05,0.0,14.331539614201509,0.0,0.0,45.66374877205423,6.8883756629422095,63.050006560650395,2.4611020741974743,13.819961486810042,0.002469250109948277
64,0.0,100.0,1.4842099734373781,1.100788424495604,4.4031536979824164e-05,0.0,14.592430756834036,0.0,0.0,45.231136979416185,6.8883756629422095,62.798660772745215,2.4512910103499364,14.01544435848349,0.0024594065643520862
65,0.0,100.0,1.4762566595961493,1.0964001849225344,4.385600739690138e-05,0.0,14.853844408637842,0.0,0.0,44.800748831133895,6.8883756629422095,62.54831696261203,2.4415190578317616,14.209648888723837,0.0024496022595721714
66,0.0,100.0,1.4682874169679856,1.092029438853323,4.368117755413291e-05,0.0,15.115781616087066,0.0,0.0,44.372574468807755,6.8883756629422095,62.298971135915124,2.4317860607275357,14.402581167526513,0.002439837039176925
67,0.0,100.0,1.4603022136509332,1.0876761165509656,4.350704466203862e-05,0.0,15.378243427751716,0.0,0.0,43.94660407531778,6.8883756629422095,62.05061931424202,2.4220918637433932,14.594247258629888,0.0024301107473583467
68,0.0,100.0,1.4523010176791455,1.083340148556463,4.333360594225852e-05,0.0,15.641230894301854,0.0,0.0,43.5228278746551,6.8883756629422095,61.80325753503998,2.4124363122045414,14.784653199623872,0.002420423228929557
69,0.0,100.0,1.444283797022754,1.0790214656877102,4.316085862750841e-05,0.0,15.904745068511815,0.0,0.0,43.10123613175422,6.8883756629422095,61.5568818515528,2.40281925205279,14.973805002058086,0.0024107743293223204
70,0.0,100.0,1.436250519587743,1.0747199990383927,4.298879996153571e-05,0.0,16.16878700526441,0.0,0.0,42.68181915232571,6.8883756629422095,61.31148833275781,2.393240529844093,15.161708651549617,0.0024011638945845818
71,0.0,100.0,1.4282011532158179,1.0704356799768886,4.281742719907554e-05,0.0,16.43335776155516,0.0,0.0,42.264567282689896,6.8883756629422095,61.0670730633032,2.383699992746105,15.348370107890307,0.002391591771378008
72,0.0,100.0,1.4946999571982695,1.1221476654367895,4.4885906617471575e-05,0.0,16.69845839649652,0.0,0.0,42.68761838167257,7.081250181504592,60.823632143445494,2.4406750182147374,14.573191078121388,0.002223522311714602
73,0.0,100.0,1.4862157960978284,1.1179626325856507,4.471850530342603e-05,0.0,16.963408969257916,0.0,0.0,42.29804846897415,7.081250181504592,60.59679132161229,2.431572557420323,14.74920766263216,0.0022152297186750366
74,0.0,100.0,1.477714608526202,1.1137932077516246,4.455172831006499e-05,0.0,17.228891259090613,0.0,0.0,41.91033001310755,7.081250181504592,60.37079649921444,2.422504044116621,14.924169234238645,0.0022069680527365657
75,0.0,100.0,1.4691963603137506,1.109639332724846,4.438557330899384e-05,0.0,17.49490633307305,0.0,0.0,41.524455419534505,7.081250181504592,60.14564452110977,2.4134693516969756,15.09808041715345,0.0021987371985570303
76,0.0,100.0,1.4606610172222618,1.1055009495125427,4.4220037980501706e-05,0.0,17.76145526042514,0.0,0.0,41.14041712323348,7.081250181504592,59.921332243923175,2.4044683540269083,15.270945817150237,0.002190537041224439
77,0.0,100.0,1.4521085449448135,1.101378000338225,4.4055120013529e-05,0.0,18.028539112512558,0.0,0.0,40.75820758858755,7.081250181504592,59.69785653600268,2.3955009254423563,15.44277002163455,0.002182367466255362
78,0.0,100.0,1.4435389091056317,1.0972704276408807,4.389081710563523e-05,0.0,18.296158962851056,0.0,0.0,40.37781930927261,7.081250181504592,59.4752142773758,2.3865669407479206,15.61355759971439,0.002174228359593335
79,0.0,100.0,1.4349520752599578,1.0931781740741697,4.372712696296679e-05,0.0,18.56431588711078,0.0,0.0,39.999244808146116,7.081250181504592,59.253402359705895,2.3776662752151148,15.7833131022705,0.0021661196076072638
80,0.0,100.0,1.4263480088939064,1.0891011825056247,4.356404730022499e-05,0.0,18.833010963120582,0.0,0.0,39.62247663713622,7.081250181504592,59.03241768624887,2.3687988045806265,15.952041062026403,0.0021580410970898412
81,0.0,100.0,1.4177266754243278,1.085039396015853,4.340157584063412e-05,0.0,19.102245270872366,0.0,0.0,39.24750737713127,7.081250181504592,58.81225717180987,2.3599644050445825,16.11974599361817,0.002149992715255965
82,0.0,100.0,1.4090880401986692,1.0809927578977419,4.323971031590967e-05,0.0,19.37201989252541,0.0,0.0,38.874329637869735,7.081250181504592,58.59291774270021,2.351162953268817,16.286432393663915,0.002141974349741162
83,0.0,100.0,1.4004320684948355,1.0769612116556666,4.307844846622666e-05,0.0,19.642335912410747,0.0,0.0,38.50293605783063,7.081250181504592,58.3743963366945,2.3423943263751537,16.45210474083305,0.0021339858886000214
84,0.0,100.0,1.4697953742501175,1.1331052785550055,4.532421114220022e-05,0.0,19.913194417035484,0.0,0.0,38.7162487465586,7.27952518658672,58.15668990298788,2.3990008371981117,15.908335040676164,0.0020252101118851773
85,0.0,100.0,1.4606411238409225,1.1290711195016527,4.516284478006611e-05,0.0,20.183892899350454,0.0,0.0,38.362921714799505,7.27952518658672,57.94963647068514,2.3904597500374156,16.067183886346566,0.002017999820076969
86,0.0,100.0,1.4514684603363537,1.1250513231377832,4.500205292551133e-05,0.0,20.455135871574438,0.0,0.0,38.01118792044442,7.27952518658672,57.743320204199435,2.3819490714404656,16.22513188917676,0.0020108151988437067
87,0.0,100.0,1.442277346699836,1.1210458383283661,4.4841833533134645e-05,0.0,20.726924428908482,0.0,0.0,37.66104116941491,7.27952518658672,57.537738479022515,2.373468693144611,16.382182778134634,0.0020036561567912513
88,0.0,100.0,1.4330677458202985,1.117054614120424,4.468218456481696e-05,0.0,20.999259668756547,0.0,0.0,37.31247529049688,7.27952518658672,57.33288867999008,2.3650185072726426,16.53834026810013,0.0019965226028508505
89,0.0,100.0,1.4238396205120236,1.1130775997423865,4.452310398969546e-05,0.0,21.27214269072994,0.0,0.0,36.96548413525803,7.27952518658672,57.12876820124851,2.356598406331424,16.693608059916667,0.001989414446277981
90,0.0,100.0,1.4145929335144982,1.1091147446034437,4.436458978413775e-05,0.0,21.54557459665176,0.0,0.0,36.62006157796538,7.27952518658672,56.925374446221745,2.348208283210524,16.847989840442395,0.001982331596651194
91,0.0,100.0,1.4053276474922605,1.1051659982929025,4.42066399317161e-05,0.0,21.819556490561332,0.0,0.0,36.27620151550321,7.27952518658672,56.722704827578205,2.3398480311808516,17.00148928260124,0.0019752739638709675
92,0.0,100.0,1.3960437250347535,1.1012313105795448,4.4049252423181795e-05,0.0,22.09408947871869,0.0,0.0,35.93389786729132,7.27952518658672,56.52075676719793,2.331517543893302,17.154110045433768,0.0019682414581585557
93,0.0,100.0,1.3867411286561704,1.0973106314109904,4.389242525643961e-05,0.0,22.36917466960901,0.0,0.0,35.59314457520351,7.27952518658672,56.31952769613976,2.3232167153774004,17.305855774147858,0.0019612339900548503
94,0.0,100.0,1.3774198207953048,1.093403910913057,4.373615643652229e-05,0.0,22.644813173947107,0.0,0.0,35.253935603486404,7.27952518658672,56.119015054608624,2.314945440039956,17.456730100169207,0.001954251470419241
95,0.0,100.0,1.368079763815398,1.0895110993891306,4.358044397556522e-05,0.0,22.921006104681926,0.0,0.0,34.91626493867853,7.27952518658672,55.91921629192305,2.3067036126637177,17.606736641191674,0.0019472938104284822
96,0.0,100.0,1.4398109535935142,1.1504239275857429,4.6016957103429715e-05,0.0,23.197754577001017,0.0,0.0,34.89233885279502,7.483351891811148,55.720128866482646,2.3628488800014047,17.314517206100472,0.0018921289427767946
97,0.0,100.0,1.4298996139308506,1.1464223406121787,4.585689362448715e-05,0.0,23.474334200742483,0.0,0.0,34.56525323100155,7.483351891811148,55.526314276494624,2.354630044255736,17.460008660625164,0.0018855474397776273
98,0.0,100.0,1.4199682874072934,1.1424346725931172,4.569738690372469e-05,0.0,23.75147156527923,0.0,0.0,34.23960748987086,7.483351891811148,55.33317384315441,2.3464397965681467,17.604691884122282,0.0018789888296060829
99,0.0,100.0,1.4100169337180375,1.138460875113443,4.5538435004537725e-05,0.0,24.029167795331837,0.0,0.0,33.9153961771673,7.483351891811148,55.140705221503424,2.338278037499118,17.748570131723564,0.0018724530326326978
100,0.0,100.0,1.4000455124770017,1.1345008999264465,4.538003599705786e-05,0.0,24.30742401788896,0.0,0.0,33.5926138602719,7.483351891811148,54.9489060747397,2.3301446679550195,17.891646646586338,0.0018659399695049876
101,0.0,100.0,1.3900539832166627,1.1305546989532367,4.522218795812947e-05,0.0,24.586241362211886,0.0,0.0,33.27125512611318,7.483351891811148,54.75777407418949,2.322039589186902,18.03392465993617,0.001859449561146485
102,0.0,100.0,1.3800423053878923,1.1266222242821586,4.506488897128635e-05,0.0,24.86562095983915,0.0,0.0,32.951314581098295,7.483351891811148,54.56730689927903,2.3139627027893024,18.17540739110927,0.0018529817287557778
103,0.0,100.0,1.370010438359792,1.122703428168211,4.4908137126728434e-05,0.0,25.145563944591093,0.0,0.0,32.632786851044216,7.483351891811148,54.37750223750633,2.3059139106990445,18.316098047594853,0.001846536393805554
104,0.0,100.0,1.3599583414195286,1.1187982630324662,4.475193052129865e-05,0.0,25.42607145257449,0.0,0.0,32.31566658110929,7.483351891811148,54.188357784413085,2.297893115194053,18.455999825077278,0.0018401134780416481
105,0.0,100.0,1.349885973772169,1.1149066814614947,4.459626725845979e-05,0.0,25.707144622187144,0.0,0.0,31.999948435725067,7.483351891811148,53.99987124355678,2.2899002188921647,18.595115907478057,0.0018337129034820903
106,0.0,100.0,1.3397932945405135,1.111028636206787,4.444114544827148e-05,0.0,25.988784594122514,0.0,0.0,31.685627098528254,7.483351891811148,53.81204032648272,2.281935124749946,18.733449466997733,0.00182733459241616
107,0.0,100.0,1.3296802627649327,1.1071640801841804,4.428656320736722e-05,0.0,26.270992511374335,0.0,0.0,31.37269727229298,7.483351891811148,53.62486275269628,2.273997736061516,18.871003664157595,0.0018209784674034432
108,0.0,100.0,1.4030755319274744,1.1731538308738159,4.692615323495264e-05,0.0,26.553769519241268,0.0,0.0,30.92796172824474,7.69288574478186,53.4383362496352,2.329538419238177,19.00768227127847,0.0018146349639412511
109,0.0,100.0,1.3923073568626467,1.1690670689921976,4.67626827596879e-05,0.0,26.836370515377286,0.0,0.0,30.618635694782803,7.69288574478186,53.25218013791757,2.3214233122820698,19.1430540618605,0.0018083135585087145
110,0.0,100.0,1.3815174048727978,1.1649945436260623,4.659978174504249e-05,0.0,27.119543027175595,0.0,0.0,30.31068320345113,7.69288574478186,53.06667251379073,2.313336474857972,19.27765829185556,0.001802014174125831
111,0.0,100.0,1.3707056319175523,1.160936205181531,4.6437448207261246e-05,0.0,27.40328821043592,0.0,0.0,30.004099034836848,7.69288574478186,52.881811118203636,2.3052778084870282,19.411498069698233,0.001795736734080762
112,0.0,100.0,1.3598719938674717,1.1568920042374893,4.6275680169499573e-05,0.0,27.6876072232954,0.0,0.0,29.6988779883473,7.69288574478186,52.69759369997483,2.297247215033442,19.544576492356597,0.0017894811619289018
113,0.0,100.0,1.3490164465038716,1.1528618915449833,4.6114475661799336e-05,0.0,27.97250122623333,0.0,0.0,29.395014882143684,7.69288574478186,52.514018015765,2.289244596703279,19.676896645373056,0.0017832473814919426
114,0.0,100.0,1.3381389455186425,1.1488458180266223,4.595383272106489e-05,0.0,28.257971382075883,0.0,0.0,29.09250455307461,7.69288574478186,52.33108183004962,2.2812698560432763,19.808461602905112,0.0017770353168569506
115,0.0,100.0,1.3272394465140696,1.1448437347759794,4.579374939103918e-05,0.0,28.54401885600086,0.0,0.0,28.791341856610238,7.69288574478186,52.148782915091815,2.2733228959396574,19.939274427765938,0.0017708448923754393
116,0.0,100.0,1.3163179050026494,1.140855593056997,4.563422372227988e-05,0.0,28.830644815542463,0.0,0.0,28.491521666776382,7.69288574478186,51.967119050915166,2.2654036196169467,20.06933817146484,0.0017646760326624487
117,0.0,100.0,1.3053742764069107,1.1368813443033932,4.5475253772135725e-05,0.0,29.117850430596036,0.0,0.0,28.193038876088945,7.69288574478186,51.7860880252767,2.257511930636795,20.198655874247567,0.0017585286625956278
118,0.0,100.0,1.2944085160592311,1.1329209401180687,4.531683760472275e-05,0.0,29.40563687342285,0.0,0.0,27.89588839548857,7.69288574478186,51.60568763363992,2.2496477328967996,20.327230565136478,0.0017524027073143194
119,6023.187525004113,100.0,1.2834205792016544,1.1289743322725205,4.515897329090082e-05,455.90884750507104,29.694005318654895,0.5142139978181892,6479.096372509184,-6431.041242092938,7.69288574478186,51.42591567914801,2.2418109306293394,0.0,0.0
120,0.0,0.0,2.5764719144696913,0.0,0.0,0.0,0.0,0.0,0.0,0.0,7.908286545635753,0.0,0.0,0.0,0.0
121,0.0,0.0,2.5764719144696913,0.0,0.0,0.0,0.0,0.0,0.0,0.0,7.908286545635753,0.0,0.0,0.0,0.0
122,0.0,0.0,2.5764719144696913,0.0,0.0,0.0,0.0,0.0,0.0,0.0,7.908286545635753,0.0,0.0,0.0,0.0
123,0.0,0.0,2.5764719144696913,0.0,0.0,0.0,0.0,0.0,0.0,0.0,7.908286545635753,0.0,0.0,0.0,0.0
124,0.0,0.0,2.5764719144696913,0.0,0.0,0.0,0.0,0.0,0.0,0.0,7.908286545635753,0.0,0.0,0.0,0.0
125,0.0,0.0,2.5764719144696913,0.0,0.0,0.0,0.0,0.0,0.0,0.0,7.908286545635753,0.0,0.0,0.0,0.0
126,0.0,0.0,2.5764719144696913,0.0,0.0,0.0,0.0,0.0,0.0,0.0,7.908286545635753,0.0,0.0,0.0,0.0
127,0.0,0.0,2.5764719144696913,0.0,0.0,0.0,0.0,0.0,0.0,0.0,7.908286545635753,0.0,0.0,0.0,0.0
128,0.0,0.0,2.5764719144696913,0.0,0.0,0.0,0.0,0.0,0.0,0.0,7.908286545635753,0.0,0.0,0.0,0.0
129,0.0,0.0,2.5764719144696913,0.0,0.0,0.0,0.0,0.0,0.0,0.0,7.908286545635753,0.0,0.0,0.0,0.0
130,0.0,0.0,2.5764719144696913,0.0,0.0,0.0,0.0,0.0,0.0,0.0,7.908286545635753,0.0,0.0,0.0,0.0
131,0.0,0.0,2.5764719144696913,0.0,0.0,0.0,0.0,0.0,0.0,0.0,7.908286545635753,0.0,0.0,0.0,0.0
132,0.0,0.0,2.7581209376900677,0.0,0.0,0.0,0.0,0.0,0.0,0.0,8.129718568913553,0.0,0.0,0.0,0.0
133,0.0,0.0,2.7581209376900677,0.0,0.0,0.0,0.0,0.0,0.0,0.0,8.129718568913553,0.0,0.0,0.0,0.0
134,0.0,0.0,2.7581209376900677,0.0,0.0,0.0,0.0,0.0,0.0,0.0,8.129718568913553,0.0,0.0,0.0,0.0
135,0.0,0.0,2.7581209376900677,0.0,0.0,0.0,0.0,0.0,0.0,0.0,8.129718568913553,0.0,0.0,0.0,0.0
136,0.0,0.0,2.7581209376900677,0.0,0.0,0.0,0.0,0.0,0.0,0.0,8.129718568913553,0.0,0.0,0.0,0.0
137,0.0,0.0,2.7581209376900677,0.0,0.0,0.0,0.0,0.0,0.0,0.0,8.129718568913553,0.0,0.0,0.0,0.0
138,0.0,0.0,2.7581209376900677,0.0,0.0,0.0,0.0,0.0,0.0,0.0,8.129718568913553,0.0,0.0,0.0,0.0
139,0.0,0.0,2.7581209376900677,0.0,0.0,0.0,0.0,0.0,0.0,0.0,8.129718568913553,0.0,0.0,0.0,0.0
140,0.0,0.0,2.7581209376900677,0.0,0.0,0.0,0.0,0.0,0.0,0.0,8.129718568913553,0.0,0.0,0.0,0.0
141,0.0,0.0,2.7581209376900677,0.0,0.0,0.0,0.0,0.0,0.0,0.0,8.129718568913553,0.0,0.0,0.0,0.0
142,0.0,0.0,2.7581209376900677,0.0,0.0,0.0,0.0,0.0,0.0,0.0,8.129718568913553,0.0,0.0,0.0,0.0
143,0.0,0.0,2.7581209376900677,0.0,0.0,0.0,0.0,0.0,0.0,0.0,8.129718568913553,0.0,0.0,0.0,0.0
144,0.0,0.0,2.96230817391191,0.0,0.0,0.0,0.0,0.0,0.0,0.0,8.357350688843134,0.0,0.0,0.0,0.0
145,0.0,0.0,2.96230817391191,0.0,0.0,0.0,0.0,0.0,0.0,0.0,8.357350688843134,0.0,0.0,0.0,0.0
146,0.0,0.0,2.96230817391191,0.0,0.0,0.0,0.0,0.0,0.0,0.0,8.357350688843134,0.0,0.0,0.0,0.0
147,0.0,0.0,2.96230817391191,0.0,0.0,0.0,0.0,0.0,0.0,0.0,8.357350688843134,0.0,0.0,0.0,0.0
148,0.0,0.0,2.96230817391191,0.0,0.0,0.0,0.0,0.0,0.0,0.0,8.357350688843134,0.0,0.0,0.0,0.0
149,0.0,0.0,2.96230817391191,0.0,0.0,0.0,0.0,0.0,0.0,0.0,8.357350688843134,0.0,0.0,0.0,0.0
150,0.0,0.0,2.96230817391191,0.0,0.0,0.0,0.0,0.0,0.0,0.0,8.357350688843134,0.0,0.0,0.0,0.0
151,0.0,0.0,2.96230817391191,0.0,0.0,0.0,0.0,0.0,0.0,0.0,8.357350688843134,0.0,0.0,0.0,0.0
152,0.0,0.0,2.96230817391191,0.0,0.0,0.0,0.0,0.0,0.0,0.0,8.357350688843134,0.0,0.0,0.0,0.0
153,0.0,0.0,2.96230817391191,0.0,0.0,0.0,0.0,0.0,0.0,0.0,8.357350688843134,0.0,0.0,0.0,0.0
154,0.0,0.0,2.96230817391191,0.0,0.0,0.0,0.0,0.0,0.0,0.0,8.357350688843134,0.0,0.0,0.0,0.0
155,0.0,0.0,2.96230817391191,0.0,0.0,0.0,0.0,0.0,0.0,0.0,8.357350688843134,0.0,0.0,0.0,0.0
156,0.0,0.0,3.1918098669600496,0.0,0.0,0.0,0.0,0.0,0.0,0.0,8.591356508130742,0.0,0.0,0.0,0.0
157,0.0,0.0,3.1918098669600496,0.0,0.0,0.0,0.0,0.0,0.0,0.0,8.591356508130742,0.0,0.0,0.0,0.0
158,0.0,0.0,3.1918098669600496,0.0,0.0,0.0,0.0,0.0,0.0,0.0,8.591356508130742,0.0,0.0,0.0,0.0
159,0.0,0.0,3.1918098669600496,0.0,0.0,0.0,0.0,0.0,0.0,0.0,8.591356508130742,0.0,0.0,0.0,0.0
160,0.0,0.0,3.1918098669600496,0.0,0.0,0.0,0.0,0.0,0.0,0.0,8.591356508130742,0.0,0.0,0.0,0.0
161,0.0,0.0,3.1918098669600496,0.0,0.0,0.0,0.0,0.0,0.0,0.0,8.591356508130742,0.0,0.0,0.0,0.0
162,0.0,0.0,3.1918098669600496,0.0,0.0,0.0,0.0,0.0,0.0,0.0,8.591356508130742,0.0,0.0,0.0,0.0
163,0.0,0.0,3.1918098669600496,0.0,0.0,0.0,0.0,0.0,0.0,0.0,8.591356508130742,0.0,0.0,0.0,0.0
164,0.0,0.0,3.1918098669600496,0.0,0.0,0.0,0.0,0.0,0.0,0.0,8.591356508130742,0.0,0.0,0.0,0.0
165,0.0,0.0,3.1918098669600496,0.0,0.0,0.0,0.0,0.0,0.0,0.0,8.591356508130742,0.0,0.0,0.0,0.0
166,0.0,0.0,3.1918098669600496,0.0,0.0,0.0,0.0,0.0,0.0,0.0,8.591356508130742,0.0,0.0,0.0,0.0
167,0.0,0.0,3.1918098669600496,0.0,0.0,0.0,0.0,0.0,0.0,0.0,8.591356508130742,0.0,0.0,0.0,0.0
168,0.0,0.0,3.449789527038561,0.0,0.0,0.0,0.0,0.0,0.0,0.0,8.831914490358404,0.0,0.0,0.0,0.0
169,0.0,0.0,3.449789527038561,0.0,0.0,0.0,0.0,0.0,0.0,0.0,8.831914490358404,0.0,0.0,0.0,0.0
170,0.0,0.0,3.449789527038561,0.0,0.0,0.0,0.0,0.0,0.0,0.0,8.831914490358404,0.0,0.0,0.0,0.0
171,0.0,0.0,3.449789527038561,0.0,0.0,0.0,0.0,0.0,0.0,0.0,8.831914490358404,0.0,0.0,0.0,0.0
172,0.0,0.0,3.449789527038561,0.0,0.0,0.0,0.0,0.0,0.0,0.0,8.831914490358404,0.0,0.0,0.0,0.0
173,0.0,0.0,3.449789527038561,0.0,0.0,0.0,0.0,0.0,0.0,0.0,8.831914490358404,0.0,0.0,0.0,0.0
174,0.0,0.0,3.449789527038561,0.0,0.0,0.0,0.0,0.0,0.0,0.0,8.831914490358404,0.0,0.0,0.0,0.0
175,0.0,0.0,3.449789527038561,0.0,0.0,0.0,0.0,0.0,0.0,0.0,8.831914490358404,0.0,0.0,0.0,0.0
176,0.0,0.0,3.449789527038561,0.0,0.0,0.0,0.0,0.0,0.0,0.0,8.831914490358404,0.0,0.0,0.0,0.0
177,0.0,0.0,3.449789527038561,0.0,0.0,0.0,0.0,0.0,0.0,0.0,8.831914490358404,0.0,0.0,0.0,0.0
178,0.0,0.0,3.449789527038561,0.0,0.0,0.0,0.0,0.0,0.0,0.0,8.831914490358404,0.0,0.0,0.0,0.0
179,0.0,0.0,3.449789527038561,0.0,0.0,0.0,0.0,0.0,0.0,0.0,8.831914490358404,0.0,0.0,0.0,0.0
180,0.0,0.0,3.7397743523487352,0.0,0.0,0.0,0.0,0.0,0.0,0.0,9.079208096088438,0.0,0.0,0.0,0.0
181,0.0,0.0,3.7397743523487352,0.0,0.0,0.0,0.0,0.0,0.0,0.0,9.079208096088438,0.0,0.0,0.0,0.0
182,0.0,0.0,3.7397743523487352,0.0,0.0,0.0,0.0,0.0,0.0,0.0,9.079208096088438,0.0,0.0,0.0,0.0
183,0.0,0.0,3.7397743523487352,0.0,0.0,0.0,0.0,0.0,0.0,0.0,9.079208096088438,0.0,0.0,0.0,0.0
184,0.0,0.0,3.7397743523487352,0.0,0.0,0.0,0.0,0.0,0.0,0.0,9.079208096088438,0.0,0.0,0.0,0.0
185,0.0,0.0,3.7397743523487352,0.0,0.0,0.0,0.0,0.0,0.0,0.0,9.079208096088438,0.0,0.0,0.0,0.0
186,0.0,0.0,3.7397743523487352,0.0,0.0,0.0,0.0,0.0,0.0,0.0,9.079208096088438,0.0,0.0,0.0,0.0
187,0.0,0.0,3.7397743523487352,0.0,0.0,0.0,0.0,0.0,0.0,0.0,9.079208096088438,0.0,0.0,0.0,0.0
188,0.0,0.0,3.7397743523487352,0.0,0.0,0.0,0.0,0.0,0.0,0.0,9.079208096088438,0.0,0.0,0.0,0.0
189,0.0,0.0,3.7397743523487352,0.0,0.0,0.0,0.0,0.0,0.0,0.0,9.079208096088438,0.0,0.0,0.0,0.0
190,0.0,0.0,3.7397743523487352,0.0,0.0,0.0,0.0,0.0,0.0,0.0,9.079208096088438,0.0,0.0,0.0,0.0
191,0.0,0.0,3.7397743523487352,0.0,0.0,0.0,0.0,0.0,0.0,0.0,9.079208096088438,0.0,0.0,0.0,0.0
192,0.0,0.0,4.065752252026267,0.0,0.0,0.0,0.0,0.0,0.0,0.0,9.333425922778915,0.0,0.0,0.0,0.0
193,0.0,0.0,4.065752252026267,0.0,0.0,0.0,0.0,0.0,0.0,0.0,9.333425922778915,0.0,0.0,0.0,0.0
194,0.0,0.0,4.065752252026267,0.0,0.0,0.0,0.0,0.0,0.0,0.0,9.333425922778915,0.0,0.0,0.0,0.0
195,0.0,0.0,4.065752252026267,0.0,0.0,0.0,0.0,0.0,0.0,0.0,9.333425922778915,0.0,0.0,0.0,0.0
196,0.0,0.0,4.065752252026267,0.0,0.0,0.0,0.0,0.0,0.0,0.0,9.333425922778915,0.0,0.0,0.0,0.0
197,0.0,0.0,4.065752252026267,0.0,0.0,0.0,0.0,0.0,0.0,0.0,9.333425922778915,0.0,0.0,0.0,0.0
198,0.0,0.0,4.065752252026267,0.0,0.0,0.0,0.0,0.0,0.0,0.0,9.333425922778915,0.0,0.0,0.0,0.0
199,0.0,0.0,4.065752252026267,0.0,0.0,0.0,0.0,0.0,0.0,0.0,9.333425922778915,0.0,0.0,0.0,0.0
200,0.0,0.0,4.065752252026267,0.0,0.0,0.0,0.0,0.0,0.0,0.0,9.333425922778915,0.0,0.0,0.0,0.0
201,0.0,0.0,4.065752252026267,0.0,0.0,0.0,0.0,0.0,0.0,0.0,9.333425922778915,0.0,0.0,0.0,0.0
202,0.0,0.0,4.065752252026267,0.0,0.0,0.0,0.0,0.0,0.0,0.0,9.333425922778915,0.0,0.0,0.0,0.0
203,0.0,0.0,4.065752252026267,0.0,0.0,0.0,0.0,0.0,0.0,0.0,9.333425922778915,0.0,0.0,0.0,0.0
204,0.0,0.0,4.432172658461742,0.0,0.0,0.0,0.0,0.0,0.0,0.0,9.594761848616724,0.0,0.0,0.0,0.0
205,0.0,0.0,4.432172658461742,0.0,0.0,0.0,0.0,0.0,0.0,0.0,9.594761848616724,0.0,0.0,0.0,0.0
206,0.0,0.0,4.432172658461742,0.0,0.0,0.0,0.0,0.0,0.0,0.0,9.594761848616724,0.0,0.0,0.0,0.0
207,0.0,0.0,4.432172658461742,0.0,0.0,0.0,0.0,0.0,0.0,0.0,9.594761848616724,0.0,0.0,0.0,0.0
208,0.0,0.0,4.432172658461742,0.0,0.0,0.0,0.0,0.0,0.0,0.0,9.594761848616724,0.0,0.0,0.0,0.0
209,0.0,0.0,4.432172658461742,0.0,0.0,0.0,0.0,0.0,0.0,0.0,9.594761848616724,0.0,0.0,0.0,0.0
210,0.0,0.0,4.432172658461742,0.0,0.0,0.0,0.0,0.0,0.0,0.0,9.594761848616724,0.0,0.0,0.0,0.0
211,0.0,0.0,4.432172658461742,0.0,0.0,0.0,0.0,0.0,0.0,0.0,9.594761848616724,0.0,0.0,0.0,0.0
212,0.0,0.0,4.432172658461742,0.0,0.0,0.0,0.0,0.0,0.0,0.0,9.594761848616724,0.0,0.0,0.0,0.0
213,0.0,0.0,4.432172658461742,0.0,0.0,0.0,0.0,0.0,0.0,0.0,9.594761848616724,0.0,0.0,0.0,0.0
214,0.0,0.0,4.432172658461742,0.0,0.0,0.0,0.0,0.0,0.0,0.0,9.594761848616724,0.0,0.0,0.0,0.0
215,0.0,0.0,4.432172658461742,0.0,0.0,0.0,0.0,0.0,0.0,0.0,9.594761848616724,0.0,0.0,0.0,0.0
216,0.0,0.0,4.84404394794552,0.0,0.0,0.0,0.0,0.0,0.0,0.0,9.863415180377993,0.0,0.0,0.0,0.0
217,0.0,0.0,4.84404394794552,0.0,0.0,0.0,0.0,0.0,0.0,0.0,9.863415180377993,0.0,0.0,0.0,0.0
218,0.0,0.0,4.84404394794552,0.0,0.0,0.0,0.0,0.0,0.0,0.0,9.863415180377993,0.0,0.0,0.0,0.0
219,0.0,0.0,4.84404394794552,0.0,0.0,0.0,0.0,0.0,0.0,0.0,9.863415180377993,0.0,0.0,0.0,0.0
220,0.0,0.0,4.84404394794552,0.0,0.0,0.0,0.0,0.0,0.0,0.0,9.863415180377993,0.0,0.0,0.0,0.0
221,0.0,0.0,4.84404394794552,0.0,0.0,0.0,0.0,0.0,0.0,0.0,9.863415180377993,0.0,0.0,0.0,0.0
222,0.0,0.0,4.84404394794552,0.0,0.0,0.0,0.0,0.0,0.0,0.0,9.863415180377993,0.0,0.0,0.0,0.0
223,0.0,0.0,4.84404394794552,0.0,0.0,0.0,0.0,0.0,0.0,0.0,9.863415180377993,0.0,0.0,0.0,0.0
224,0.0,0.0,4.84404394794552,0.0,0.0,0.0,0.0,0.0,0.0,0.0,9.863415180377993,0.0,0.0,0.0,0.0
225,0.0,0.0,4.84404394794552,0.0,0.0,0.0,0.0,0.0,0.0,0.0,9.863415180377993,0.0,0.0,0.0,0.0
226,0.0,0.0,4.84404394794552,0.0,0.0,0.0,0.0,0.0,0.0,0.0,9.863415180377993,0.0,0.0,0.0,0.0
227,0.0,0.0,4.84404394794552,0.0,0.0,0.0,0.0,0.0,0.0,0.0,9.863415180377993,0.0,0.0,0.0,0.0
228,0.0,0.0,5.307031169017596,0.0,0.0,0.0,0.0,0.0,0.0,0.0,10.139590805428577,0.0,0.0,0.0,0.0
229,0.0,0.0,5.307031169017596,0.0,0.0,0.0,0.0,0.0,0.0,0.0,10.139590805428577,0.0,0.0,0.0,0.0
230,0.0,0.0,5.307031169017596,0.0,0.0,0.0,0.0,0.0,0.0,0.0,10.139590805428577,0.0,0.0,0.0,0.0
231,0.0,0.0,5.307031169017596,0.0,0.0,0.0,0.0,0.0,0.0,0.0,10.139590805428577,0.0,0.0,0.0,0.0
232,0.0,0.0,5.307031169017596,0.0,0.0,0.0,0.0,0.0,0.0,0.0,10.139590805428577,0.0,0.0,0.0,0.0
233,0.0,0.0,5.307031169017596,0.0,0.0,0.0,0.0,0.0,0.0,0.0,10.139590805428577,0.0,0.0,0.0,0.0
234,0.0,0.0,5.307031169017596,0.0,0.0,0.0,0.0,0.0,0.0,0.0,10.139590805428577,0.0,0.0,0.0,0.0
235,0.0,0.0,5.307031169017596,0.0,0.0,0.0,0.0,0.0,0.0,0.0,10.139590805428577,0.0,0.0,0.0,0.0
236,0.0,0.0,5.307031169017596,0.0,0.0,0.0,0.0,0.0,0.0,0.0,10.139590805428577,0.0,0.0,0.0,0.0
237,0.0,0.0,5.307031169017596,0.0,0.0,0.0,0.0,0.0,0.0,0.0,10.139590805428577,0.0,0.0,0.0,0.0
238,0.0,0.0,5.307031169017596,0.0,0.0,0.0,0.0,0.0,0.0,0.0,10.139590805428577,0.0,0.0,0.0,0.0
239,0.0,0.0,5.307031169017596,0.0,0.0,0.0,0.0,0.0,0.0,0.0,10.139590805428577,0.0,0.0,0.0,0.0
240,0.0,0.0,5.827481801071733,0.0,0.0,0.0,0.0,0.0,0.0,0.0,10.423499347980577,0.0,0.0,0.0,0.0
241,0.0,0.0,5.827481801071733,0.0,0.0,0.0,0.0,0.0,0.0,0.0,10.423499347980577,0.0,0.0,0.0,0.0
242,0.0,0.0,5.827481801071733,0.0,0.0,0.0,0.0,0.0,0.0,0.0,10.423499347980577,0.0,0.0,0.0,0.0
243,0.0,0.0,5.827481801071733,0.0,0.0,0.0,0.0,0.0,0.0,0.0,10.423499347980577,0.0,0.0,0.0,0.0
244,0.0,0.0,5.827481801071733,0.0,0.0,0.0,0.0,0.0,0.0,0.0,10.423499347980577,0.0,0.0,0.0,0.0
245,0.0,0.0,5.827481801071733,0.0,0.0,0.0,0.0,0.0,0.0,0.0,10.423499347980577,0.0,0.0,0.0,0.0
246,0.0,0.0,5.827481801071733,0.0,0.0,0.0,0.0,0.0,0.0,0.0,10.423499347980577,0.0,0.0,0.0,0.0
247,0.0,0.0,5.827481801071733,0.0,0.0,0.0,0.0,0.0,0.0,0.0,10.423499347980577,0.0,0.0,0.0,0.0
248,0.0,0.0,5.827481801071733,0.0,0.0,0.0,0.0,0.0,0.0,0.0,10.423499347980577,0.0,0.0,0.0,0.0
249,0.0,0.0,5.827481801071733,0.0,0.0,0.0,0.0,0.0,0.0,0.0,10.423499347980577,0.0,0.0,0.0,0.0
250,0.0,0.0,5.827481801071733,0.0,0.0,0.0,0.0,0.0,0.0,0.0,10.423499347980577,0.0,0.0,0.0,0.0
251,0.0,0.0,5.827481801071733,0.0,0.0,0.0,0.0,0.0,0.0,0.0,10.423499347980577,0.0,0.0,0.0,0.0
252,0.0,0.0,6.412548391267759,0.0,0.0,0.0,0.0,0.0,0.0,0.0,10.715357329724032,0.0,0.0,0.0,0.0
253,0.0,0.0,6.412548391267759,0.0,0.0,0.0,0.0,0.0,0.0,0.0,10.715357329724032,0.0,0.0,0.0,0.0
254,0.0,0.0,6.412548391267759,0.0,0.0,0.0,0.0,0.0,0.0,0.0,10.715357329724032,0.0,0.0,0.0,0.0
255,0.0,0.0,6.412548391267759,0.0,0.0,0.0,0.0,0.0,0.0,0.0,10.715357329724032,0.0,0.0,0.0,0.0
256,0.0,0.0,6.412548391267759,0.0,0.0,0.0,0.0,0.0,0.0,0.0,10.715357329724032,0.0,0.0,0.0,0.0
257,0.0,0.0,6.412548391267759,0.0,0.0,0.0,0.0,0.0,0.0,0.0,10.715357329724032,0.0,0.0,0.0,0.0
258,0.0,0.0,6.412548391267759,0.0,0.0,0.0,0.0,0.0,0.0,0.0,10.715357329724032,0.0,0.0,0.0,0.0
259,0.0,0.0,6.412548391267759,0.0,0.0,0.0,0.0,0.0,0.0,0.0,10.715357329724032,0.0,0.0,0.0,0.0
260,0.0,0.0,6.412548391267759,0.0,0.0,0.0,0.0,0.0,0.0,0.0,10.715357329724032,0.0,0.0,0.0,0.0
261,0.0,0.0,6.412548391267759,0.0,0.0,0.0,0.0,0.0,0.0,0.0,10.715357329724032,0.0,0.0,0.0,0.0
262,0.0,0.0,6.412548391267759,0.0,0.0,0.0,0.0,0.0,0.0,0.0,10.715357329724032,0.0,0.0,0.0,0.0
263,0.0,0.0,6.412548391267759,0.0,0.0,0.0,0.0,0.0,0.0,0.0,10.715357329724032,0.0,0.0,0.0,0.0
264,0.0,0.0,7.070239406527513,0.0,0.0,0.0,0.0,0.0,0.0,0.0,11.015387334956307,0.0,0.0,0.0,0.0
265,0.0,0.0,7.070239406527513,0.0,0.0,0.0,0.0,0.0,0.0,0.0,11.015387334956307,0.0,0.0,0.0,0.0
266,0.0,0.0,7.070239406527513,0.0,0.0,0.0,0.0,0.0,0.0,0.0,11.015387334956307,0.0,0.0,0.0,0.0
267,0.0,0.0,7.070239406527513,0.0,0.0,0.0,0.0,0.0,0.0,0.0,11.015387334956307,0.0,0.0,0.0,0.0
268,0.0,0.0,7.070239406527513,0.0,0.0,0.0,0.0,0.0,0.0,0.0,11.015387334956307,0.0,0.0,0.0,0.0
269,0.0,0.0,7.070239406527513,0.0,0.0,0.0,0.0,0.0,0.0,0.0,11.015387334956307,0.0,0.0,0.0,0.0
270,0.0,0.0,7.070239406527513,0.0,0.0,0.0,0.0,0.0,0.0,0.0,11.015387334956307,0.0,0.0,0.0,0.0
271,0.0,0.0,7.070239406527513,0.0,0.0,0.0,0.0,0.0,0.0,0.0,11.015387334956307,0.0,0.0,0.0,0.0
272,0.0,0.0,7.070239406527513,0.0,0.0,0.0,0.0,0.0,0.0,0.0,11.015387334956307,0.0,0.0,0.0,0.0
273,0.0,0.0,7.070239406527513,0.0,0.0,0.0,0.0,0.0,0.0,0.0,11.015387334956307,0.0,0.0,0.0,0.0
274,0.0,0.0,7.070239406527513,0.0,0.0,0.0,0.0,0.0,0.0,0.0,11.015387334956307,0.0,0.0,0.0,0.0
275,0.0,0.0,7.070239406527513,0.0,0.0,0.0,0.0,0.0,0.0,0.0,11.015387334956307,0.0,0.0,0.0,0.0
276,0.0,0.0,7.809591404172867,0.0,0.0,0.0,0.0,0.0,0.0,0.0,11.323818180335085,0.0,0.0,0.0,0.0
277,0.0,0.0,7.809591404172867,0.0,0.0,0.0,0.0,0.0,0.0,0.0,11.323818180335085,0.0,0.0,0.0,0.0
278,0.0,0.0,7.809591404172867,0.0,0.0,0.0,0.0,0.0,0.0,0.0,11.323818180335085,0.0,0.0,0.0,0.0
279,0.0,0.0,7.809591404172867,0.0,0.0,0.0,0.0,0.0,0.0,0.0,11.323818180335085,0.0,0.0,0.0,0.0
280,0.0,0.0,7.809591404172867,0.0,0.0,0.0,0.0,0.0,0.0,0.0,11.323818180335085,0.0,0.0,0.0,0.0
281,0.0,0.0,7.809591404172867,0.0,0.0,0.0,0.0,0.0,0.0,0.0,11.323818180335085,0.0,0.0,0.0,0.0
282,0.0,0.0,7.809591404172867,0.0,0.0,0.0,0.0,0.0,0.0,0.0,11.323818180335085,0.0,0.0,0.0,0.0
283,0.0,0.0,7.809591404172867,0.0,0.0,0.0,0.0,0.0,0.0,0.0,11.323818180335085,0.0,0.0,0.0,0.0
284,0.0,0.0,7.809591404172867,0.0,0.0,0.0,0.0,0.0,0.0,0.0,11.323818180335085,0.0,0.0,0.0,0.0
285,0.0,0.0,7.809591404172867,0.0,0.0,0.0,0.0,0.0,0.0,0.0,11.323818180335085,0.0,0.0,0.0,0.0
286,0.0,0.0,7.809591404172867,0.0,0.0,0.0,0.0,0.0,0.0,0.0,11.323818180335085,0.0,0.0,0.0,0.0
287,0.0,0.0,7.809591404172867,0.0,0.0,0.0,0.0,0.0,0.0,0.0,11.323818180335085,0.0,0.0,0.0,0.0
288,0.0,0.0,8.640745618271884,0.0,0.0,0.0,0.0,0.0,0.0,0.0,11.640885089384465,0.0,0.0,0.0,0.0
289,0.0,0.0,8.640745618271884,0.0,0.0,0.0,0.0,0.0,0.0,0.0,11.640885089384465,0.0,0.0,0.0,0.0
290,0.0,0.0,8.640745618271884,0.0,0.0,0.0,0.0,0.0,0.0,0.0,11.640885089384465,0.0,0.0,0.0,0.0
291,0.0,0.0,8.640745618271884,0.0,0.0,0.0,0.0,0.0,0.0,0.0,11.640885089384465,0.0,0.0,0.0,0.0
292,0.0,0.0,8.640745618271884,0.0,0.0,0.0,0.0,0.0,0.0,0.0,11.640885089384465,0.0,0.0,0.0,0.0
293,0.0,0.0,8.640745618271884,0.0,0.0,0.0,0.0,0.0,0.0,0.0,11.640885089384465,0.0,0.0,0.0,0.0
294,0.0,0.0,8.640745618271884,0.0,0.0,0.0,0.0,0.0,0.0,0.0,11.640885089384465,0.0,0.0,0.0,0.0
295,0.0,0.0,8.640745618271884,0.0,0.0,0.0,0.0,0.0,0.0,0.0,11.640885089384465,0.0,0.0,0.0,0.0
296,0.0,0.0,8.640745618271884,0.0,0.0,0.0,0.0,0.0,0.0,0.0,11.640885089384465,0.0,0.0,0.0,0.0
297,0.0,0.0,8.640745618271884,0.0,0.0,0.0,0.0,0.0,0.0,0.0,11.640885089384465,0.0,0.0,0.0,0.0
298,0.0,0.0,8.640745618271884,0.0,0.0,0.0,0.0,0.0,0.0,0.0,11.640885089384465,0.0,0.0,0.0,0.0
299,0.0,0.0,8.640745618271884,0.0,0.0,0.0,0.0,0.0,0.0,0.0,11.640885089384465,0.0,0.0,0.0,0.0
300,0.0,0.0,9.5751222028706,0.0,0.0,0.0,0.0,0.0,0.0,0.0,11.966829871887231,0.0,0.0,0.0,0.0
301,0.0,0.0,9.5751222028706,0.0,0.0,0.0,0.0,0.0,0.0,0.0,11.966829871887231,0.0,0.0,0.0,0.0
302,0.0,0.0,9.5751222028706,0.0,0.0,0.0,0.0,0.0,0.0,0.0,11.966829871887231,0.0,0.0,0.0,0.0
303,0.0,0.0,9.5751222028706,0.0,0.0,0.0,0.0,0.0,0.0,0.0,11.966829871887231,0.0,0.0,0.0,0.0
304,0.0,0.0,9.5751222028706,0.0,0.0,0.0,0.0,0.0,0.0,0.0,11.966829871887231,0.0,0.0,0.0,0.0
305,0.0,0.0,9.5751222028706,0.0,0.0,0.0,0.0,0.0,0.0,0.0,11.966829871887231,0.0,0.0,0.0,0.0
306,0.0,0.0,9.5751222028706,0.0,0.0,0.0,0.0,0.0,0.0,0.0,11.966829871887231,0.0,0.0,0.0,0.0
307,0.0,0.0,9.5751222028706,0.0,0.0,0.0,0.0,0.0,0.0,0.0,11.966829871887231,0.0,0.0,0.0,0.0
308,0.0,0.0,9.5751222028706,0.0,0.0,0.0,0.0,0.0,0.0,0.0,11.966829871887231,0.0,0.0,0.0,0.0
309,0.0,0.0,9.5751222028706,0.0,0.0,0.0,0.0,0.0,0.0,0.0,11.966829871887231,0.0,0.0,0.0,0.0
310,0.0,0.0,9.5751222028706,0.0,0.0,0.0,0.0,0.0,0.0,0.0,11.966829871887231,0.0,0.0,0.0,0.0
311,0.0,0.0,9.5751222028706,0.0,0.0,0.0,0.0,0.0,0.0,0.0,11.966829871887231,0.0,0.0,0.0,0.0
312,0.0,0.0,10.625595975454484,0.0,0.0,0.0,0.0,0.0,0.0,0.0,12.301901108300074,0.0,0.0,0.0,0.0
313,0.0,0.0,10.625595975454484,0.0,0.0,0.0,0.0,0.0,0.0,0.0,12.301901108300074,0.0,0.0,0.0,0.0
314,0.0,0.0,10.625595975454484,0.0,0.0,0.0,0.0,0.0,0.0,0.0,12.301901108300074,0.0,0.0,0.0,0.0
315,0.0,0.0,10.625595975454484,0.0,0.0,0.0,0.0,0.0,0.0,0.0,12.301901108300074,0.0,0.0,0.0,0.0
316,0.0,0.0,10.625595975454484,0.0,0.0,0.0,0.0,0.0,0.0,0.0,12.301901108300074,0.0,0.0,0.0,0.0
317,0.0,0.0,10.625595975454484,0.0,0.0,0.0,0.0,0.0,0.0,0.0,12.301901108300074,0.0,0.0,0.0,0.0
318,0.0,0.0,10.625595975454484,0.0,0.0,0.0,0.0,0.0,0.0,0.0,12.301901108300074,0.0,0.0,0.0,0.0
319,0.0,0.0,10.625595975454484,0.0,0.0,0.0,0.0,0.0,0.0,0.0,12.301901108300074,0.0,0.0,0.0,0.0
320,0.0,0.0,10.625595975454484,0.0,0.0,0.0,0.0,0.0,0.0,0.0,12.301901108300074,0.0,0.0,0.0,0.0
321,0.0,0.0,10.625595975454484,0.0,0.0,0.0,0.0,0.0,0.0,0.0,12.301901108300074,0.0,0.0,0.0,0.0
322,0.0,0.0,10.625595975454484,0.0,0.0,0.0,0.0,0.0,0.0,0.0,12.301901108300074,0.0,0.0,0.0,0.0
323,0.0,0.0,10.625595975454484,0.0,0.0,0.0,0.0,0.0,0.0,0.0,12.301901108300074,0.0,0.0,0.0,0.0
324,0.0,0.0,11.806577319392332,0.0,0.0,0.0,0.0,0.0,0.0,0.0,12.646354339332476,0.0,0.0,0.0,0.0
325,0.0,0.0,11.806577319392332,0.0,0.0,0.0,0.0,0.0,0.0,0.0,12.646354339332476,0.0,0.0,0.0,0.0
326,0.0,0.0,11.806577319392332,0.0,0.0,0.0,0.0,0.0,0.0,0.0,12.646354339332476,0.0,0.0,0.0,0.0
327,0.0,0.0,11.806577319392332,0.0,0.0,0.0,0.0,0.0,0.0,0.0,12.646354339332476,0.0,0.0,0.0,0.0
328,0.0,0.0,11.806577319392332,0.0,0.0,0.0,0.0,0.0,0.0,0.0,12.646354339332476,0.0,0.0,0.0,0.0
329,0.0,0.0,11.806577319392332,0.0,0.0,0.0,0.0,0.0,0.0,0.0,12.646354339332476,0.0,0.0,0.0,0.0
330,0.0,0.0,11.806577319392332,0.0,0.0,0.0,0.0,0.0,0.0,0.0,12.646354339332476,0.0,0.0,0.0,0.0
331,0.0,0.0,11.806577319392332,0.0,0.0,0.0,0.0,0.0,0.0,0.0,12.646354339332476,0.0,0.0,0.0,0.0
332,0.0,0.0,11.806577319392332,0.0,0.0,0.0,0.0,0.0,0.0,0.0,12.646354339332476,0.0,0.0,0.0,0.0
333,0.0,0.0,11.806577319392332,0.0,0.0,0.0,0.0,0.0,0.0,0.0,12.646354339332476,0.0,0.0,0.0,0.0
334,0.0,0.0,11.806577319392332,0.0,0.0,0.0,0.0,0.0,0.0,0.0,12.646354339332476,0.0,0.0,0.0,0.0
335,0.0,0.0,11.806577319392332,0.0,0.0,0.0,0.0,0.0,0.0,0.0,12.646354339332476,0.0,0.0,0.0,0.0
336,0.0,0.0,13.134336979208351,0.0,0.0,0.0,0.0,0.0,0.0,0.0,13.000452260833788,0.0,0.0,0.0,0.0
337,0.0,0.0,13.134336979208351,0.0,0.0,0.0,0.0,0.0,0.0,0.0,13.000452260833788,0.0,0.0,0.0,0.0
338,0.0,0.0,13.134336979208351,0.0,0.0,0.0,0.0,0.0,0.0,0.0,13.000452260833788,0.0,0.0,0.0,0.0
339,0.0,0.0,13.134336979208351,0.0,0.0,0.0,0.0,0.0,0.0,0.0,13.000452260833788,0.0,0.0,0.0,0.0
340,0.0,0.0,13.134336979208351,0.0,0.0,0.0,0.0,0.0,0.0,0.0,13.000452260833788,0.0,0.0,0.0,0.0
341,0.0,0.0,13.134336979208351,0.0,0.0,0.0,0.0,0.0,0.0,0.0,13.000452260833788,0.0,0.0,0.0,0.0
342,0.0,0.0,13.134336979208351,0.0,0.0,0.0,0.0,0.0,0.0,0.0,13.000452260833788,0.0,0.0,0.0,0.0
343,0.0,0.0,13.134336979208351,0.0,0.0,0.0,0.0,0.0,0.0,0.0,13.000452260833788,0.0,0.0,0.0,0.0
344,0.0,0.0,13.134336979208351,0.0,0.0,0.0,0.0,0.0,0.0,0.0,13.000452260833788,0.0,0.0,0.0,0.0
345,0.0,0.0,13.134336979208351,0.0,0.0,0.0,0.0,0.0,0.0,0.0,13.000452260833788,0.0,0.0,0.0,0.0
346,0.0,0.0,13.134336979208351,0.0,0.0,0.0,0.0,0.0,0.0,0.0,13.000452260833788,0.0,0.0,0.0,0.0
347,0.0,0.0,13.134336979208351,0.0,0.0,0.0,0.0,0.0,0.0,0.0,13.000452260833788,0.0,0.0,0.0,0.0
348,0.0,0.0,14.627164700023455,0.0,0.0,0.0,0.0,0.0,0.0,0.0,13.364464924137131,0.0,0.0,0.0,0.0
349,0.0,0.0,14.627164700023455,0.0,0.0,0.0,0.0,0.0,0.0,0.0,13.364464924137131,0.0,0.0,0.0,0.0
350,0.0,0.0,14.627164700023455,0.0,0.0,0.0,0.0,0.0,0.0,0.0,13.364464924137131,0.0,0.0,0.0,0.0
351,0.0,0.0,14.627164700023455,0.0,0.0,0.0,0.0,0.0,0.0,0.0,13.364464924137131,0.0,0.0,0.0,0.0
352,0.0,0.0,14.627164700023455,0.0,0.0,0.0,0.0,0.0,0.0,0.0,13.364464924137131,0.0,0.0,0.0,0.0
353,0.0,0.0,14.627164700023455,0.0,0.0,0.0,0.0,0.0,0.0,0.0,13.364464924137131,0.0,0.0,0.0,0.0
354,0.0,0.0,14.627164700023455,0.0,0.0,0.0,0.0,0.0,0.0,0.0,13.364464924137131,0.0,0.0,0.0,0.0
355,0.0,0.0,14.627164700023455,0.0,0.0,0.0,0.0,0.0,0.0,0.0,13.364464924137131,0.0,0.0,0.0,0.0
356,0.0,0.0,14.627164700023455,0.0,0.0,0.0,0.0,0.0,0.0,0.0,13.364464924137131,0.0,0.0,0.0,0.0
357,0.0,0.0,14.627164700023455,0.0,0.0,0.0,0.0,0.0,0.0,0.0,13.364464924137131,0.0,0.0,0.0,0.0
358,0.0,0.0,14.627164700023455,0.0,0.0,0.0,0.0,0.0,0.0,0.0,13.364464924137131,0.0,0.0,0.0,0.0
359,0.0,0.0,14.627164700023455,0.0,0.0,0.0,0.0,0.0,0.0,0.0,13.364464924137131,0.0,0.0,0.0,0.0
360,0.0,0.0,16.30565240307053,0.0,0.0,0.0,0.0,0.0,0.0,0.0,13.738669942012972,0.0,0.0,0.0,0.0
